#
# There is insufficient memory for the Java Runtime Environment to continue.
# Native memory allocation (mmap) failed to map 272629760 bytes. Error detail: G1 virtual space
# Possible reasons:
#   The system is out of physical RAM or swap space
#   This process is running with CompressedOops enabled, and the Java Heap may be blocking the growth of the native heap
# Possible solutions:
#   Reduce memory load on the system
#   Increase physical memory or swap space
#   Check if swap backing store is full
#   Decrease Java heap size (-Xmx/-Xms)
#   Decrease number of Java threads
#   Decrease Java thread stack sizes (-Xss)
#   Set larger code cache with -XX:ReservedCodeCacheSize=
#   JVM is running with Unscaled Compressed Oops mode in which the Java heap is
#     placed in the first 4GB address space. The Java Heap base address is the
#     maximum limit for the native heap growth. Please use -XX:HeapBaseMinAddress
#     to set the Java Heap base and to place the Java Heap above 4GB virtual address.
# This output file may be truncated or incomplete.
#
#  Out of Memory Error (os_windows.cpp:3925), pid=7980, tid=6508
#
# JRE version: OpenJDK Runtime Environment (21.0.9) (build 21.0.9+-14649483-b1163.86)
# Java VM: OpenJDK 64-Bit Server VM (21.0.9+-14649483-b1163.86, mixed mode, tiered, compressed oops, compressed class ptrs, g1 gc, windows-amd64)
# No core dump will be written. Minidumps are not enabled by default on client versions of Windows
#

---------------  S U M M A R Y ------------

Command Line: --add-opens=java.base/java.lang=ALL-UNNAMED --add-opens=java.base/java.lang.invoke=ALL-UNNAMED --add-opens=java.base/java.util=ALL-UNNAMED --add-opens=java.prefs/java.util.prefs=ALL-UNNAMED --add-exports=jdk.compiler/com.sun.tools.javac.api=ALL-UNNAMED --add-exports=jdk.compiler/com.sun.tools.javac.util=ALL-UNNAMED --add-opens=java.base/java.util=ALL-UNNAMED --add-opens=java.prefs/java.util.prefs=ALL-UNNAMED --add-opens=java.base/java.nio.charset=ALL-UNNAMED --add-opens=java.base/java.net=ALL-UNNAMED --add-opens=java.base/java.util.concurrent=ALL-UNNAMED --add-opens=java.base/java.util.concurrent.atomic=ALL-UNNAMED --add-opens=java.xml/javax.xml.namespace=ALL-UNNAMED --add-opens=java.base/java.time=ALL-UNNAMED -Xmx2048m -Dfile.encoding=UTF-8 -Duser.country=MX -Duser.language=es -Duser.variant -javaagent:C:\Users\jmedi\.gradle\wrapper\dists\gradle-9.2.1-bin\2t0n5ozlw9xmuyvbp7dnzaxug\gradle-9.2.1\lib\agents\gradle-instrumentation-agent-9.2.1.jar org.gradle.launcher.daemon.bootstrap.GradleDaemon 9.2.1

Host: AMD Ryzen 5 8645HS w/ Radeon 760M Graphics, 12 cores, 7G,  Windows 11 , 64 bit Build 26100 (10.0.26100.8328)
Time: Mon May 25 14:08:11 2026 Hora estándar central (México) elapsed time: 37.422499 seconds (0d 0h 0m 37s)

---------------  T H R E A D  ---------------

Current thread (0x000001e24f1f4050):  VMThread "VM Thread"          [id=6508, stack(0x0000009faa600000,0x0000009faa700000) (1024K)]

Stack: [0x0000009faa600000,0x0000009faa700000]
Native frames: (J=compiled Java code, j=interpreted, Vv=VM code, C=native code)
V  [jvm.dll+0x6d6c99]
V  [jvm.dll+0x866b83]
V  [jvm.dll+0x86919e]
V  [jvm.dll+0x869883]
V  [jvm.dll+0x280776]
V  [jvm.dll+0x6d3555]
V  [jvm.dll+0x6c6bea]
V  [jvm.dll+0x3587fb]
V  [jvm.dll+0x360476]
V  [jvm.dll+0x3b2646]
V  [jvm.dll+0x3b2918]
V  [jvm.dll+0x32af0c]
V  [jvm.dll+0x32d916]
V  [jvm.dll+0x3377ed]
V  [jvm.dll+0x36ef55]
V  [jvm.dll+0x86f608]
V  [jvm.dll+0x870984]
V  [jvm.dll+0x870ec0]
V  [jvm.dll+0x871153]
V  [jvm.dll+0x80f118]
V  [jvm.dll+0x6d54ed]
C  [ucrtbase.dll+0x37b0]
C  [KERNEL32.DLL+0x2e957]
C  [ntdll.dll+0x427c]

VM_Operation (0x0000009faa1ff340): G1PauseRemark, mode: safepoint, requested by thread 0x000001e2375995d0


---------------  P R O C E S S  ---------------

Threads class SMR info:
_java_thread_list=0x000001e25907d830, length=217, elements={
0x000001e237532450, 0x000001e24f2446b0, 0x000001e24f245530, 0x000001e24f246b00,
0x000001e24f26b670, 0x000001e24f2743c0, 0x000001e24f275990, 0x000001e24f27ef70,
0x000001e24f2823f0, 0x000001e24f286390, 0x000001e24f56fb20, 0x000001e255bb1f20,
0x000001e255dc8850, 0x000001e255cc3db0, 0x000001e255cf58d0, 0x000001e255cf5f60,
0x000001e255cf65f0, 0x000001e255cf6c80, 0x000001e255cf7310, 0x000001e255cf4520,
0x000001e255cf3e90, 0x000001e255cf5240, 0x000001e255fd3290, 0x000001e255fd3920,
0x000001e255fd4640, 0x000001e255fd5360, 0x000001e255fd6080, 0x000001e255fd2c00,
0x000001e255fd6710, 0x000001e255fd8150, 0x000001e255fd7ac0, 0x000001e255fd87e0,
0x000001e255fd8e70, 0x000001e255fd9500, 0x000001e255fd9b90, 0x000001e255fd6da0,
0x000001e257b7bd80, 0x000001e257b7d130, 0x000001e257b7b060, 0x000001e257b7eb70,
0x000001e257b7d7c0, 0x000001e257b7e4e0, 0x000001e257b7caa0, 0x000001e257b7b6f0,
0x000001e257b7f890, 0x000001e257b7f200, 0x000001e257b7de50, 0x000001e257b7c410,
0x000001e257b80c40, 0x000001e257b812d0, 0x000001e257b805b0, 0x000001e257b82680,
0x000001e257b7ff20, 0x000001e257b81960, 0x000001e257b81ff0, 0x000001e258689f50,
0x000001e2586898c0, 0x000001e258688510, 0x000001e25868a5e0, 0x000001e258688ba0,
0x000001e25868ac70, 0x000001e2586877f0, 0x000001e258689230, 0x000001e258687e80,
0x000001e25868c6b0, 0x000001e25868b990, 0x000001e25868da60, 0x000001e25868c020,
0x000001e25868b300, 0x000001e25868e0f0, 0x000001e25868cd40, 0x000001e25868e780,
0x000001e257a06750, 0x000001e257a03ff0, 0x000001e257a04d10, 0x000001e257a07b00,
0x000001e257a08820, 0x000001e257a07470, 0x000001e257a08190, 0x000001e257a053a0,
0x000001e257a08eb0, 0x000001e257a05a30, 0x000001e257a09540, 0x000001e257a0a8f0,
0x000001e257a09bd0, 0x000001e257a0af80, 0x000001e257a0b610, 0x000001e257a0a260,
0x000001e257fabc80, 0x000001e257fadd50, 0x000001e257fac310, 0x000001e257faaf60,
0x000001e257fad030, 0x000001e257fad6c0, 0x000001e257fae3e0, 0x000001e257fac9a0,
0x000001e257faea70, 0x000001e257fab5f0, 0x000001e257fafe20, 0x000001e257faf790,
0x000001e257fb04b0, 0x000001e257fb0b40, 0x000001e257fb11d0, 0x000001e257fb1860,
0x000001e257fb1ef0, 0x000001e257fb2580, 0x000001e257faf100, 0x000001e25804bb10,
0x000001e25804a0d0, 0x000001e258049a40, 0x000001e258048d20, 0x000001e25804adf0,
0x000001e25804b480, 0x000001e2580493b0, 0x000001e25804a760, 0x000001e25804e900,
0x000001e25804d550, 0x000001e25804cec0, 0x000001e25804dbe0, 0x000001e25804c1a0,
0x000001e25804fcb0, 0x000001e25804ef90, 0x000001e25804e270, 0x000001e25804f620,
0x000001e25804c830, 0x000001e258050340, 0x000001e25e03bb30, 0x000001e25e03b4a0,
0x000001e25e03a0f0, 0x000001e25e03ae10, 0x000001e25e03c1c0, 0x000001e25e03a780,
0x000001e25e03c850, 0x000001e25e039a60, 0x000001e25e0393d0, 0x000001e25e040360,
0x000001e25e03efb0, 0x000001e25e03f640, 0x000001e25e03e920, 0x000001e25e03dc00,
0x000001e25e03fcd0, 0x000001e257ed8fa0, 0x000001e25f2d5e50, 0x000001e25f2d5130,
0x000001e25f2d57c0, 0x000001e25f2d3060, 0x000001e25f2d3d80, 0x000001e25f2d6b70,
0x000001e25f2d36f0, 0x000001e25f2d8c40, 0x000001e25f2d7200, 0x000001e25f2d7f20,
0x000001e25f2d92d0, 0x000001e25f2d9960, 0x000001e25f2dad10, 0x000001e25f2d9ff0,
0x000001e25f2da680, 0x000001e25f2d7890, 0x000001e25f2db3a0, 0x000001e25f2dba30,
0x000001e25f2d85b0, 0x000001e25f2de190, 0x000001e25f2dd470, 0x000001e25f2dcde0,
0x000001e25f2de820, 0x000001e25f2dc750, 0x000001e25f2ddb00, 0x000001e25f2deeb0,
0x000001e25f2df540, 0x000001e25f2dc0c0, 0x000001e25f2e1ca0, 0x000001e25f2e0260,
0x000001e25f2dfbd0, 0x000001e25f2e0f80, 0x000001e25f2e2330, 0x000001e25f2e08f0,
0x000001e25f2e1610, 0x000001e257edc420, 0x000001e25f5ddda0, 0x000001e25f6f4b20,
0x000001e259430540, 0x000001e259430bd0, 0x000001e25942feb0, 0x000001e25fb7be60,
0x000001e25fb7b7d0, 0x000001e25fb79d90, 0x000001e25fb7b140, 0x000001e257ae5cb0,
0x000001e25f5634e0, 0x000001e25f564f20, 0x000001e25f564890, 0x000001e25f5655b0,
0x000001e25f563b70, 0x000001e25ecd59d0, 0x000001e25ecd66f0, 0x000001e25ecd5340,
0x000001e25ee08760, 0x000001e25f5df150, 0x000001e25f5df7e0, 0x000001e25f5de430,
0x000001e25f5dfe70, 0x000001e25f5deac0, 0x000001e25f5e0500, 0x000001e25f5e25d0,
0x000001e25f5dd710, 0x000001e25ee07a40, 0x000001e25ee08df0, 0x000001e25e1e1180,
0x000001e25ffd28e0, 0x000001e25ffd3600, 0x000001e25f5e4010, 0x000001e260624480,
0x000001e25fb79070, 0x000001e260624b10, 0x000001e25fb7a420, 0x000001e25ffd3c90,
0x000001e25e1dfdd0
}

Java Threads: ( => current thread )
  0x000001e237532450 JavaThread "main"                              [_thread_blocked, id=27332, stack(0x0000009fa9f00000,0x0000009faa000000) (1024K)]
  0x000001e24f2446b0 JavaThread "Common-Cleaner"             daemon [_thread_blocked, id=24280, stack(0x0000009faa700000,0x0000009faa800000) (1024K)]
  0x000001e24f245530 JavaThread "Reference Handler"          daemon [_thread_blocked, id=15052, stack(0x0000009faa800000,0x0000009faa900000) (1024K)]
  0x000001e24f246b00 JavaThread "Finalizer"                  daemon [_thread_blocked, id=27548, stack(0x0000009faa900000,0x0000009faaa00000) (1024K)]
  0x000001e24f26b670 JavaThread "Signal Dispatcher"          daemon [_thread_blocked, id=9244, stack(0x0000009faaa00000,0x0000009faab00000) (1024K)]
  0x000001e24f2743c0 JavaThread "Attach Listener"            daemon [_thread_blocked, id=20700, stack(0x0000009faab00000,0x0000009faac00000) (1024K)]
  0x000001e24f275990 JavaThread "Service Thread"             daemon [_thread_blocked, id=16972, stack(0x0000009faac00000,0x0000009faad00000) (1024K)]
  0x000001e24f27ef70 JavaThread "Monitor Deflation Thread"   daemon [_thread_blocked, id=18300, stack(0x0000009faad00000,0x0000009faae00000) (1024K)]
  0x000001e24f2823f0 JavaThread "C2 CompilerThread0"         daemon [_thread_blocked, id=11880, stack(0x0000009faae00000,0x0000009faaf00000) (1024K)]
  0x000001e24f286390 JavaThread "C1 CompilerThread0"         daemon [_thread_blocked, id=22092, stack(0x0000009faaf00000,0x0000009fab000000) (1024K)]
  0x000001e24f56fb20 JavaThread "Notification Thread"        daemon [_thread_blocked, id=1796, stack(0x0000009fab000000,0x0000009fab100000) (1024K)]
  0x000001e255bb1f20 JavaThread "Daemon health stats"               [_thread_blocked, id=18968, stack(0x0000009fab500000,0x0000009fab600000) (1024K)]
  0x000001e255dc8850 JavaThread "Incoming local TCP Connector on port 57963"        [_thread_in_native, id=5308, stack(0x0000009faba00000,0x0000009fabb00000) (1024K)]
  0x000001e255cc3db0 JavaThread "Daemon periodic checks"            [_thread_blocked, id=14952, stack(0x0000009fabb00000,0x0000009fabc00000) (1024K)]
  0x000001e255cf58d0 JavaThread "Daemon"                            [_thread_blocked, id=22072, stack(0x0000009fabc00000,0x0000009fabd00000) (1024K)]
  0x000001e255cf5f60 JavaThread "Handler for socket connection from /127.0.0.1:57963 to /127.0.0.1:57964"        [_thread_in_native, id=15084, stack(0x0000009fabd00000,0x0000009fabe00000) (1024K)]
  0x000001e255cf65f0 JavaThread "Cancel handler"                    [_thread_blocked, id=26432, stack(0x0000009fabe00000,0x0000009fabf00000) (1024K)]
  0x000001e255cf6c80 JavaThread "Daemon worker"                     [_thread_blocked, id=16036, stack(0x0000009fabf00000,0x0000009fac000000) (1024K)]
  0x000001e255cf7310 JavaThread "Asynchronous log dispatcher for DefaultDaemonConnection: socket connection from /127.0.0.1:57963 to /127.0.0.1:57964"        [_thread_blocked, id=23780, stack(0x0000009fac000000,0x0000009fac100000) (1024K)]
  0x000001e255cf4520 JavaThread "Stdin handler"                     [_thread_blocked, id=13000, stack(0x0000009fac100000,0x0000009fac200000) (1024K)]
  0x000001e255cf3e90 JavaThread "Daemon client event forwarder"        [_thread_blocked, id=24916, stack(0x0000009fac200000,0x0000009fac300000) (1024K)]
  0x000001e255cf5240 JavaThread "Cache worker for journal cache (C:\Users\jmedi\.gradle\caches\journal-1)"        [_thread_blocked, id=4100, stack(0x0000009fac600000,0x0000009fac700000) (1024K)]
  0x000001e255fd3290 JavaThread "File lock request listener"        [_thread_in_native, id=26312, stack(0x0000009fac700000,0x0000009fac800000) (1024K)]
  0x000001e255fd3920 JavaThread "Cache worker for file hash cache (C:\Users\jmedi\.gradle\caches\9.2.1\fileHashes)"        [_thread_blocked, id=20876, stack(0x0000009fac800000,0x0000009fac900000) (1024K)]
  0x000001e255fd4640 JavaThread "Cache worker for file hash cache (C:\Users\jmedi\AndroidStudioProjects\app803\.gradle\9.2.1\fileHashes)"        [_thread_blocked, id=24624, stack(0x0000009fac900000,0x0000009faca00000) (1024K)]
  0x000001e255fd5360 JavaThread "Cache worker for Build Output Cleanup Cache (C:\Users\jmedi\AndroidStudioProjects\app803\.gradle\buildOutputCleanup)"        [_thread_blocked, id=13656, stack(0x0000009faca00000,0x0000009facb00000) (1024K)]
  0x000001e255fd6080 JavaThread "File watcher server"        daemon [_thread_blocked, id=11960, stack(0x0000009facb00000,0x0000009facc00000) (1024K)]
  0x000001e255fd2c00 JavaThread "File watcher consumer"      daemon [_thread_blocked, id=25420, stack(0x0000009facc00000,0x0000009facd00000) (1024K)]
  0x000001e255fd6710 JavaThread "Cache worker for checksums cache (C:\Users\jmedi\AndroidStudioProjects\app803\.gradle\9.2.1\checksums)"        [_thread_blocked, id=19396, stack(0x0000009facd00000,0x0000009face00000) (1024K)]
  0x000001e255fd8150 JavaThread "Cache worker for file content cache (C:\Users\jmedi\.gradle\caches\9.2.1\fileContent)"        [_thread_blocked, id=24328, stack(0x0000009face00000,0x0000009facf00000) (1024K)]
  0x000001e255fd7ac0 JavaThread "Cache worker for cache directory md-supplier (C:\Users\jmedi\.gradle\caches\9.2.1\md-supplier)"        [_thread_blocked, id=24288, stack(0x0000009facf00000,0x0000009fad000000) (1024K)]
  0x000001e255fd87e0 JavaThread "Cache worker for cache directory md-rule (C:\Users\jmedi\.gradle\caches\9.2.1\md-rule)"        [_thread_blocked, id=22560, stack(0x0000009fad000000,0x0000009fad100000) (1024K)]
  0x000001e255fd8e70 JavaThread "jar transforms"                    [_thread_blocked, id=13480, stack(0x0000009fad100000,0x0000009fad200000) (1024K)]
  0x000001e255fd9500 JavaThread "jar transforms Thread 2"           [_thread_blocked, id=20136, stack(0x0000009fad200000,0x0000009fad300000) (1024K)]
  0x000001e255fd9b90 JavaThread "jar transforms Thread 3"           [_thread_blocked, id=25964, stack(0x0000009fad300000,0x0000009fad400000) (1024K)]
  0x000001e255fd6da0 JavaThread "Unconstrained build operations"        [_thread_blocked, id=21436, stack(0x0000009fad400000,0x0000009fad500000) (1024K)]
  0x000001e257b7bd80 JavaThread "Unconstrained build operations Thread 2"        [_thread_blocked, id=27220, stack(0x0000009fad500000,0x0000009fad600000) (1024K)]
  0x000001e257b7d130 JavaThread "Unconstrained build operations Thread 3"        [_thread_blocked, id=26200, stack(0x0000009fad600000,0x0000009fad700000) (1024K)]
  0x000001e257b7b060 JavaThread "Unconstrained build operations Thread 4"        [_thread_blocked, id=26608, stack(0x0000009fad700000,0x0000009fad800000) (1024K)]
  0x000001e257b7eb70 JavaThread "Unconstrained build operations Thread 5"        [_thread_blocked, id=25196, stack(0x0000009fad800000,0x0000009fad900000) (1024K)]
  0x000001e257b7d7c0 JavaThread "Unconstrained build operations Thread 6"        [_thread_blocked, id=8616, stack(0x0000009fad900000,0x0000009fada00000) (1024K)]
  0x000001e257b7e4e0 JavaThread "Unconstrained build operations Thread 7"        [_thread_blocked, id=25860, stack(0x0000009fada00000,0x0000009fadb00000) (1024K)]
  0x000001e257b7caa0 JavaThread "Unconstrained build operations Thread 8"        [_thread_blocked, id=6088, stack(0x0000009fadb00000,0x0000009fadc00000) (1024K)]
  0x000001e257b7b6f0 JavaThread "Unconstrained build operations Thread 9"        [_thread_blocked, id=7956, stack(0x0000009fadc00000,0x0000009fadd00000) (1024K)]
  0x000001e257b7f890 JavaThread "Unconstrained build operations Thread 10"        [_thread_blocked, id=23124, stack(0x0000009fadd00000,0x0000009fade00000) (1024K)]
  0x000001e257b7f200 JavaThread "Unconstrained build operations Thread 11"        [_thread_blocked, id=19144, stack(0x0000009fade00000,0x0000009fadf00000) (1024K)]
  0x000001e257b7de50 JavaThread "Unconstrained build operations Thread 12"        [_thread_blocked, id=24404, stack(0x0000009fadf00000,0x0000009fae000000) (1024K)]
  0x000001e257b7c410 JavaThread "Unconstrained build operations Thread 13"        [_thread_blocked, id=25392, stack(0x0000009fae000000,0x0000009fae100000) (1024K)]
  0x000001e257b80c40 JavaThread "Unconstrained build operations Thread 14"        [_thread_blocked, id=20984, stack(0x0000009fae100000,0x0000009fae200000) (1024K)]
  0x000001e257b812d0 JavaThread "Unconstrained build operations Thread 15"        [_thread_blocked, id=24764, stack(0x0000009fae200000,0x0000009fae300000) (1024K)]
  0x000001e257b805b0 JavaThread "Unconstrained build operations Thread 16"        [_thread_blocked, id=14596, stack(0x0000009fae300000,0x0000009fae400000) (1024K)]
  0x000001e257b82680 JavaThread "Unconstrained build operations Thread 17"        [_thread_blocked, id=13844, stack(0x0000009fae400000,0x0000009fae500000) (1024K)]
  0x000001e257b7ff20 JavaThread "Unconstrained build operations Thread 18"        [_thread_blocked, id=23352, stack(0x0000009fae500000,0x0000009fae600000) (1024K)]
  0x000001e257b81960 JavaThread "Unconstrained build operations Thread 19"        [_thread_blocked, id=10724, stack(0x0000009fae600000,0x0000009fae700000) (1024K)]
  0x000001e257b81ff0 JavaThread "Unconstrained build operations Thread 20"        [_thread_blocked, id=3096, stack(0x0000009fae700000,0x0000009fae800000) (1024K)]
  0x000001e258689f50 JavaThread "jar transforms Thread 4"           [_thread_blocked, id=21784, stack(0x0000009fae800000,0x0000009fae900000) (1024K)]
  0x000001e2586898c0 JavaThread "jar transforms Thread 5"           [_thread_blocked, id=24664, stack(0x0000009fae900000,0x0000009faea00000) (1024K)]
  0x000001e258688510 JavaThread "Unconstrained build operations Thread 21"        [_thread_blocked, id=25232, stack(0x0000009faea00000,0x0000009faeb00000) (1024K)]
  0x000001e25868a5e0 JavaThread "Unconstrained build operations Thread 22"        [_thread_blocked, id=9496, stack(0x0000009faeb00000,0x0000009faec00000) (1024K)]
  0x000001e258688ba0 JavaThread "Unconstrained build operations Thread 23"        [_thread_blocked, id=26944, stack(0x0000009faec00000,0x0000009faed00000) (1024K)]
  0x000001e25868ac70 JavaThread "Unconstrained build operations Thread 24"        [_thread_blocked, id=3164, stack(0x0000009faed00000,0x0000009faee00000) (1024K)]
  0x000001e2586877f0 JavaThread "Unconstrained build operations Thread 25"        [_thread_blocked, id=4532, stack(0x0000009faee00000,0x0000009faef00000) (1024K)]
  0x000001e258689230 JavaThread "Unconstrained build operations Thread 26"        [_thread_blocked, id=27528, stack(0x0000009faef00000,0x0000009faf000000) (1024K)]
  0x000001e258687e80 JavaThread "Unconstrained build operations Thread 27"        [_thread_blocked, id=17052, stack(0x0000009faf000000,0x0000009faf100000) (1024K)]
  0x000001e25868c6b0 JavaThread "Unconstrained build operations Thread 28"        [_thread_blocked, id=27520, stack(0x0000009faf100000,0x0000009faf200000) (1024K)]
  0x000001e25868b990 JavaThread "Unconstrained build operations Thread 29"        [_thread_blocked, id=14756, stack(0x0000009faf200000,0x0000009faf300000) (1024K)]
  0x000001e25868da60 JavaThread "Unconstrained build operations Thread 30"        [_thread_blocked, id=14260, stack(0x0000009faf300000,0x0000009faf400000) (1024K)]
  0x000001e25868c020 JavaThread "jar transforms Thread 6"           [_thread_blocked, id=27000, stack(0x0000009faf400000,0x0000009faf500000) (1024K)]
  0x000001e25868b300 JavaThread "jar transforms Thread 7"           [_thread_blocked, id=11272, stack(0x0000009faf500000,0x0000009faf600000) (1024K)]
  0x000001e25868e0f0 JavaThread "jar transforms Thread 8"           [_thread_blocked, id=14900, stack(0x0000009faf600000,0x0000009faf700000) (1024K)]
  0x000001e25868cd40 JavaThread "Unconstrained build operations Thread 31"        [_thread_blocked, id=11852, stack(0x0000009faf800000,0x0000009faf900000) (1024K)]
  0x000001e25868e780 JavaThread "Unconstrained build operations Thread 32"        [_thread_blocked, id=26140, stack(0x0000009faf900000,0x0000009fafa00000) (1024K)]
  0x000001e257a06750 JavaThread "Unconstrained build operations Thread 33"        [_thread_blocked, id=22132, stack(0x0000009fafa00000,0x0000009fafb00000) (1024K)]
  0x000001e257a03ff0 JavaThread "Unconstrained build operations Thread 34"        [_thread_blocked, id=23096, stack(0x0000009fafb00000,0x0000009fafc00000) (1024K)]
  0x000001e257a04d10 JavaThread "Unconstrained build operations Thread 35"        [_thread_blocked, id=22592, stack(0x0000009fafc00000,0x0000009fafd00000) (1024K)]
  0x000001e257a07b00 JavaThread "Unconstrained build operations Thread 36"        [_thread_blocked, id=8608, stack(0x0000009fafd00000,0x0000009fafe00000) (1024K)]
  0x000001e257a08820 JavaThread "Unconstrained build operations Thread 37"        [_thread_blocked, id=22844, stack(0x0000009fafe00000,0x0000009faff00000) (1024K)]
  0x000001e257a07470 JavaThread "Unconstrained build operations Thread 38"        [_thread_blocked, id=26324, stack(0x0000009faff00000,0x0000009fb0000000) (1024K)]
  0x000001e257a08190 JavaThread "Unconstrained build operations Thread 39"        [_thread_blocked, id=13928, stack(0x0000009fb0000000,0x0000009fb0100000) (1024K)]
  0x000001e257a053a0 JavaThread "Unconstrained build operations Thread 40"        [_thread_blocked, id=16248, stack(0x0000009fb0100000,0x0000009fb0200000) (1024K)]
  0x000001e257a08eb0 JavaThread "Unconstrained build operations Thread 41"        [_thread_blocked, id=15764, stack(0x0000009fb0200000,0x0000009fb0300000) (1024K)]
  0x000001e257a05a30 JavaThread "Unconstrained build operations Thread 42"        [_thread_blocked, id=11296, stack(0x0000009fb0300000,0x0000009fb0400000) (1024K)]
  0x000001e257a09540 JavaThread "Unconstrained build operations Thread 43"        [_thread_blocked, id=23376, stack(0x0000009fb0400000,0x0000009fb0500000) (1024K)]
  0x000001e257a0a8f0 JavaThread "Unconstrained build operations Thread 44"        [_thread_blocked, id=14312, stack(0x0000009fb0500000,0x0000009fb0600000) (1024K)]
  0x000001e257a09bd0 JavaThread "Unconstrained build operations Thread 45"        [_thread_blocked, id=20404, stack(0x0000009fb0600000,0x0000009fb0700000) (1024K)]
  0x000001e257a0af80 JavaThread "Unconstrained build operations Thread 46"        [_thread_blocked, id=18192, stack(0x0000009fb0700000,0x0000009fb0800000) (1024K)]
  0x000001e257a0b610 JavaThread "Unconstrained build operations Thread 47"        [_thread_blocked, id=16528, stack(0x0000009fb0800000,0x0000009fb0900000) (1024K)]
  0x000001e257a0a260 JavaThread "Unconstrained build operations Thread 48"        [_thread_blocked, id=6680, stack(0x0000009fb0900000,0x0000009fb0a00000) (1024K)]
  0x000001e257fabc80 JavaThread "Unconstrained build operations Thread 49"        [_thread_blocked, id=19624, stack(0x0000009fb0a00000,0x0000009fb0b00000) (1024K)]
  0x000001e257fadd50 JavaThread "Unconstrained build operations Thread 50"        [_thread_blocked, id=1840, stack(0x0000009fb0b00000,0x0000009fb0c00000) (1024K)]
  0x000001e257fac310 JavaThread "Unconstrained build operations Thread 51"        [_thread_blocked, id=24340, stack(0x0000009fb0c00000,0x0000009fb0d00000) (1024K)]
  0x000001e257faaf60 JavaThread "Unconstrained build operations Thread 52"        [_thread_blocked, id=24940, stack(0x0000009fb0d00000,0x0000009fb0e00000) (1024K)]
  0x000001e257fad030 JavaThread "Unconstrained build operations Thread 53"        [_thread_blocked, id=16120, stack(0x0000009fb0e00000,0x0000009fb0f00000) (1024K)]
  0x000001e257fad6c0 JavaThread "Unconstrained build operations Thread 54"        [_thread_blocked, id=23516, stack(0x0000009fb0f00000,0x0000009fb1000000) (1024K)]
  0x000001e257fae3e0 JavaThread "Unconstrained build operations Thread 55"        [_thread_blocked, id=26732, stack(0x0000009fb1000000,0x0000009fb1100000) (1024K)]
  0x000001e257fac9a0 JavaThread "Unconstrained build operations Thread 56"        [_thread_blocked, id=25376, stack(0x0000009fb1100000,0x0000009fb1200000) (1024K)]
  0x000001e257faea70 JavaThread "Unconstrained build operations Thread 57"        [_thread_blocked, id=25924, stack(0x0000009fb1200000,0x0000009fb1300000) (1024K)]
  0x000001e257fab5f0 JavaThread "Unconstrained build operations Thread 58"        [_thread_blocked, id=20028, stack(0x0000009fb1300000,0x0000009fb1400000) (1024K)]
  0x000001e257fafe20 JavaThread "Unconstrained build operations Thread 59"        [_thread_blocked, id=21424, stack(0x0000009fb1400000,0x0000009fb1500000) (1024K)]
  0x000001e257faf790 JavaThread "Unconstrained build operations Thread 60"        [_thread_blocked, id=8284, stack(0x0000009fb1500000,0x0000009fb1600000) (1024K)]
  0x000001e257fb04b0 JavaThread "Unconstrained build operations Thread 61"        [_thread_blocked, id=27484, stack(0x0000009fb1600000,0x0000009fb1700000) (1024K)]
  0x000001e257fb0b40 JavaThread "Unconstrained build operations Thread 62"        [_thread_blocked, id=4860, stack(0x0000009fb1700000,0x0000009fb1800000) (1024K)]
  0x000001e257fb11d0 JavaThread "Unconstrained build operations Thread 63"        [_thread_blocked, id=17808, stack(0x0000009fb1800000,0x0000009fb1900000) (1024K)]
  0x000001e257fb1860 JavaThread "Unconstrained build operations Thread 64"        [_thread_blocked, id=19284, stack(0x0000009fb1900000,0x0000009fb1a00000) (1024K)]
  0x000001e257fb1ef0 JavaThread "Unconstrained build operations Thread 65"        [_thread_blocked, id=13436, stack(0x0000009fb1a00000,0x0000009fb1b00000) (1024K)]
  0x000001e257fb2580 JavaThread "Unconstrained build operations Thread 66"        [_thread_blocked, id=24608, stack(0x0000009fb1b00000,0x0000009fb1c00000) (1024K)]
  0x000001e257faf100 JavaThread "Unconstrained build operations Thread 67"        [_thread_blocked, id=25328, stack(0x0000009fb1c00000,0x0000009fb1d00000) (1024K)]
  0x000001e25804bb10 JavaThread "Unconstrained build operations Thread 68"        [_thread_blocked, id=26004, stack(0x0000009fb1d00000,0x0000009fb1e00000) (1024K)]
  0x000001e25804a0d0 JavaThread "Unconstrained build operations Thread 69"        [_thread_blocked, id=5716, stack(0x0000009fb1e00000,0x0000009fb1f00000) (1024K)]
  0x000001e258049a40 JavaThread "Unconstrained build operations Thread 70"        [_thread_blocked, id=22524, stack(0x0000009fb1f00000,0x0000009fb2000000) (1024K)]
  0x000001e258048d20 JavaThread "Unconstrained build operations Thread 71"        [_thread_blocked, id=25260, stack(0x0000009fb2000000,0x0000009fb2100000) (1024K)]
  0x000001e25804adf0 JavaThread "Unconstrained build operations Thread 72"        [_thread_blocked, id=23668, stack(0x0000009fb2100000,0x0000009fb2200000) (1024K)]
  0x000001e25804b480 JavaThread "Unconstrained build operations Thread 73"        [_thread_blocked, id=18608, stack(0x0000009fb2200000,0x0000009fb2300000) (1024K)]
  0x000001e2580493b0 JavaThread "Unconstrained build operations Thread 74"        [_thread_blocked, id=27276, stack(0x0000009fb2300000,0x0000009fb2400000) (1024K)]
  0x000001e25804a760 JavaThread "Unconstrained build operations Thread 75"        [_thread_blocked, id=10640, stack(0x0000009fb2400000,0x0000009fb2500000) (1024K)]
  0x000001e25804e900 JavaThread "Unconstrained build operations Thread 76"        [_thread_blocked, id=23592, stack(0x0000009fb2500000,0x0000009fb2600000) (1024K)]
  0x000001e25804d550 JavaThread "Unconstrained build operations Thread 77"        [_thread_blocked, id=12172, stack(0x0000009fb2600000,0x0000009fb2700000) (1024K)]
  0x000001e25804cec0 JavaThread "Unconstrained build operations Thread 78"        [_thread_blocked, id=19852, stack(0x0000009fb2700000,0x0000009fb2800000) (1024K)]
  0x000001e25804dbe0 JavaThread "Unconstrained build operations Thread 79"        [_thread_blocked, id=8044, stack(0x0000009fb2800000,0x0000009fb2900000) (1024K)]
  0x000001e25804c1a0 JavaThread "Unconstrained build operations Thread 80"        [_thread_blocked, id=21988, stack(0x0000009fb2900000,0x0000009fb2a00000) (1024K)]
  0x000001e25804fcb0 JavaThread "Unconstrained build operations Thread 81"        [_thread_blocked, id=22000, stack(0x0000009fb2a00000,0x0000009fb2b00000) (1024K)]
  0x000001e25804ef90 JavaThread "Unconstrained build operations Thread 82"        [_thread_blocked, id=7056, stack(0x0000009fb2b00000,0x0000009fb2c00000) (1024K)]
  0x000001e25804e270 JavaThread "Unconstrained build operations Thread 83"        [_thread_blocked, id=14652, stack(0x0000009fb2c00000,0x0000009fb2d00000) (1024K)]
  0x000001e25804f620 JavaThread "Unconstrained build operations Thread 84"        [_thread_blocked, id=23348, stack(0x0000009fb2d00000,0x0000009fb2e00000) (1024K)]
  0x000001e25804c830 JavaThread "Unconstrained build operations Thread 85"        [_thread_blocked, id=12552, stack(0x0000009fb2e00000,0x0000009fb2f00000) (1024K)]
  0x000001e258050340 JavaThread "Unconstrained build operations Thread 86"        [_thread_blocked, id=12692, stack(0x0000009fb2f00000,0x0000009fb3000000) (1024K)]
  0x000001e25e03bb30 JavaThread "Unconstrained build operations Thread 87"        [_thread_blocked, id=26900, stack(0x0000009fb3000000,0x0000009fb3100000) (1024K)]
  0x000001e25e03b4a0 JavaThread "Unconstrained build operations Thread 88"        [_thread_blocked, id=24936, stack(0x0000009fb3100000,0x0000009fb3200000) (1024K)]
  0x000001e25e03a0f0 JavaThread "Unconstrained build operations Thread 89"        [_thread_blocked, id=11164, stack(0x0000009fb3200000,0x0000009fb3300000) (1024K)]
  0x000001e25e03ae10 JavaThread "Unconstrained build operations Thread 90"        [_thread_blocked, id=23264, stack(0x0000009fb3300000,0x0000009fb3400000) (1024K)]
  0x000001e25e03c1c0 JavaThread "Unconstrained build operations Thread 91"        [_thread_blocked, id=22928, stack(0x0000009fb3400000,0x0000009fb3500000) (1024K)]
  0x000001e25e03a780 JavaThread "Unconstrained build operations Thread 92"        [_thread_blocked, id=24600, stack(0x0000009fb3500000,0x0000009fb3600000) (1024K)]
  0x000001e25e03c850 JavaThread "Unconstrained build operations Thread 93"        [_thread_blocked, id=18648, stack(0x0000009fb3600000,0x0000009fb3700000) (1024K)]
  0x000001e25e039a60 JavaThread "Unconstrained build operations Thread 94"        [_thread_blocked, id=20736, stack(0x0000009fb3700000,0x0000009fb3800000) (1024K)]
  0x000001e25e0393d0 JavaThread "Unconstrained build operations Thread 95"        [_thread_blocked, id=25556, stack(0x0000009fb3800000,0x0000009fb3900000) (1024K)]
  0x000001e25e040360 JavaThread "Unconstrained build operations Thread 96"        [_thread_blocked, id=6796, stack(0x0000009fb3900000,0x0000009fb3a00000) (1024K)]
  0x000001e25e03efb0 JavaThread "Unconstrained build operations Thread 97"        [_thread_blocked, id=8260, stack(0x0000009fb3a00000,0x0000009fb3b00000) (1024K)]
  0x000001e25e03f640 JavaThread "Unconstrained build operations Thread 98"        [_thread_blocked, id=16596, stack(0x0000009fb3b00000,0x0000009fb3c00000) (1024K)]
  0x000001e25e03e920 JavaThread "Unconstrained build operations Thread 99"        [_thread_blocked, id=5456, stack(0x0000009fb3c00000,0x0000009fb3d00000) (1024K)]
  0x000001e25e03dc00 JavaThread "build event listener"              [_thread_blocked, id=25144, stack(0x0000009fb3d00000,0x0000009fb3e00000) (1024K)]
  0x000001e25e03fcd0 JavaThread "Memory manager"                    [_thread_blocked, id=17676, stack(0x0000009fb3e00000,0x0000009fb3f00000) (1024K)]
  0x000001e257ed8fa0 JavaThread "build event listener"              [_thread_blocked, id=19856, stack(0x0000009fb3f00000,0x0000009fb4000000) (1024K)]
  0x000001e25f2d5e50 JavaThread "pool-3-thread-1"                   [_thread_blocked, id=6488, stack(0x0000009fb4000000,0x0000009fb4100000) (1024K)]
  0x000001e25f2d5130 JavaThread "build event listener"              [_thread_blocked, id=23496, stack(0x0000009fb4100000,0x0000009fb4200000) (1024K)]
  0x000001e25f2d57c0 JavaThread "included builds"                   [_thread_blocked, id=5580, stack(0x0000009fb4200000,0x0000009fb4300000) (1024K)]
  0x000001e25f2d3060 JavaThread "Execution worker"                  [_thread_blocked, id=2572, stack(0x0000009fb4300000,0x0000009fb4400000) (1024K)]
  0x000001e25f2d3d80 JavaThread "Execution worker Thread 2"         [_thread_blocked, id=27448, stack(0x0000009fb4400000,0x0000009fb4500000) (1024K)]
  0x000001e25f2d6b70 JavaThread "Execution worker Thread 3"         [_thread_blocked, id=27348, stack(0x0000009fb4500000,0x0000009fb4600000) (1024K)]
  0x000001e25f2d36f0 JavaThread "Execution worker Thread 4"         [_thread_blocked, id=8228, stack(0x0000009fb4600000,0x0000009fb4700000) (1024K)]
  0x000001e25f2d8c40 JavaThread "Execution worker Thread 5"         [_thread_blocked, id=26492, stack(0x0000009fb4700000,0x0000009fb4800000) (1024K)]
  0x000001e25f2d7200 JavaThread "Execution worker Thread 6"         [_thread_blocked, id=10692, stack(0x0000009fb4800000,0x0000009fb4900000) (1024K)]
  0x000001e25f2d7f20 JavaThread "Execution worker Thread 7"         [_thread_blocked, id=25640, stack(0x0000009fb4900000,0x0000009fb4a00000) (1024K)]
  0x000001e25f2d92d0 JavaThread "Execution worker Thread 8"         [_thread_blocked, id=24580, stack(0x0000009fb4a00000,0x0000009fb4b00000) (1024K)]
  0x000001e25f2d9960 JavaThread "Execution worker Thread 9"         [_thread_blocked, id=27460, stack(0x0000009fb4b00000,0x0000009fb4c00000) (1024K)]
  0x000001e25f2dad10 JavaThread "Execution worker Thread 10"        [_thread_blocked, id=9264, stack(0x0000009fb4c00000,0x0000009fb4d00000) (1024K)]
  0x000001e25f2d9ff0 JavaThread "Execution worker Thread 11"        [_thread_blocked, id=27188, stack(0x0000009fb4d00000,0x0000009fb4e00000) (1024K)]
  0x000001e25f2da680 JavaThread "Cache worker for execution history cache (C:\Users\jmedi\AndroidStudioProjects\app803\.gradle\9.2.1\executionHistory)"        [_thread_blocked, id=23288, stack(0x0000009fb4e00000,0x0000009fb4f00000) (1024K)]
  0x000001e25f2d7890 JavaThread "Unconstrained build operations Thread 100"        [_thread_blocked, id=23296, stack(0x0000009fb4f00000,0x0000009fb5000000) (1024K)]
  0x000001e25f2db3a0 JavaThread "Unconstrained build operations Thread 101"        [_thread_blocked, id=22848, stack(0x0000009fb5000000,0x0000009fb5100000) (1024K)]
  0x000001e25f2dba30 JavaThread "Unconstrained build operations Thread 102"        [_thread_blocked, id=26956, stack(0x0000009fb5100000,0x0000009fb5200000) (1024K)]
  0x000001e25f2d85b0 JavaThread "Unconstrained build operations Thread 103"        [_thread_blocked, id=26052, stack(0x0000009fb5200000,0x0000009fb5300000) (1024K)]
  0x000001e25f2de190 JavaThread "Unconstrained build operations Thread 104"        [_thread_blocked, id=25388, stack(0x0000009fb5300000,0x0000009fb5400000) (1024K)]
  0x000001e25f2dd470 JavaThread "Unconstrained build operations Thread 105"        [_thread_blocked, id=5604, stack(0x0000009fb5400000,0x0000009fb5500000) (1024K)]
  0x000001e25f2dcde0 JavaThread "Unconstrained build operations Thread 106"        [_thread_blocked, id=22756, stack(0x0000009fb5500000,0x0000009fb5600000) (1024K)]
  0x000001e25f2de820 JavaThread "Unconstrained build operations Thread 107"        [_thread_blocked, id=12204, stack(0x0000009fb5600000,0x0000009fb5700000) (1024K)]
  0x000001e25f2dc750 JavaThread "Unconstrained build operations Thread 108"        [_thread_blocked, id=27344, stack(0x0000009fb5700000,0x0000009fb5800000) (1024K)]
  0x000001e25f2ddb00 JavaThread "Unconstrained build operations Thread 109"        [_thread_blocked, id=22784, stack(0x0000009fb5800000,0x0000009fb5900000) (1024K)]
  0x000001e25f2deeb0 JavaThread "Unconstrained build operations Thread 110"        [_thread_blocked, id=26072, stack(0x0000009fb5900000,0x0000009fb5a00000) (1024K)]
  0x000001e25f2df540 JavaThread "Unconstrained build operations Thread 111"        [_thread_blocked, id=8592, stack(0x0000009fb5a00000,0x0000009fb5b00000) (1024K)]
  0x000001e25f2dc0c0 JavaThread "Unconstrained build operations Thread 112"        [_thread_blocked, id=4668, stack(0x0000009fb5b00000,0x0000009fb5c00000) (1024K)]
  0x000001e25f2e1ca0 JavaThread "Unconstrained build operations Thread 113"        [_thread_blocked, id=19552, stack(0x0000009fb5c00000,0x0000009fb5d00000) (1024K)]
  0x000001e25f2e0260 JavaThread "Unconstrained build operations Thread 114"        [_thread_blocked, id=23332, stack(0x0000009fb5d00000,0x0000009fb5e00000) (1024K)]
  0x000001e25f2dfbd0 JavaThread "Unconstrained build operations Thread 115"        [_thread_blocked, id=9972, stack(0x0000009fb5e00000,0x0000009fb5f00000) (1024K)]
  0x000001e25f2e0f80 JavaThread "Unconstrained build operations Thread 116"        [_thread_blocked, id=9852, stack(0x0000009fb5f00000,0x0000009fb6000000) (1024K)]
  0x000001e25f2e2330 JavaThread "Unconstrained build operations Thread 117"        [_thread_blocked, id=18576, stack(0x0000009fb6000000,0x0000009fb6100000) (1024K)]
  0x000001e25f2e08f0 JavaThread "Unconstrained build operations Thread 118"        [_thread_blocked, id=20132, stack(0x0000009fb6100000,0x0000009fb6200000) (1024K)]
  0x000001e25f2e1610 JavaThread "Unconstrained build operations Thread 119"        [_thread_blocked, id=16780, stack(0x0000009fb6200000,0x0000009fb6300000) (1024K)]
  0x000001e257edc420 JavaThread "Unconstrained build operations Thread 120"        [_thread_blocked, id=27360, stack(0x0000009fb6300000,0x0000009fb6400000) (1024K)]
  0x000001e25f5ddda0 JavaThread "WorkerExecutor Queue"              [_thread_blocked, id=27296, stack(0x0000009fb6400000,0x0000009fb6500000) (1024K)]
  0x000001e25f6f4b20 JavaThread "WorkerExecutor Queue Thread 2"        [_thread_blocked, id=3396, stack(0x0000009fb6500000,0x0000009fb6600000) (1024K)]
  0x000001e259430540 JavaThread "pool-4-thread-1"                   [_thread_blocked, id=7192, stack(0x0000009fb6600000,0x0000009fb6700000) (1024K)]
  0x000001e259430bd0 JavaThread "stderr"                            [_thread_in_native, id=8984, stack(0x0000009fb6700000,0x0000009fb6800000) (1024K)]
  0x000001e25942feb0 JavaThread "stdout"                            [_thread_in_native, id=18596, stack(0x0000009fb6800000,0x0000009fb6900000) (1024K)]
  0x000001e25fb7be60 JavaThread "WorkerExecutor Queue Thread 3"        [_thread_blocked, id=7000, stack(0x0000009fb6900000,0x0000009fb6a00000) (1024K)]
  0x000001e25fb7b7d0 JavaThread "WorkerExecutor Queue Thread 4"        [_thread_blocked, id=14936, stack(0x0000009fb6a00000,0x0000009fb6b00000) (1024K)]
  0x000001e25fb79d90 JavaThread "WorkerExecutor Queue Thread 5"        [_thread_blocked, id=14788, stack(0x0000009fb6b00000,0x0000009fb6c00000) (1024K)]
  0x000001e25fb7b140 JavaThread "WorkerExecutor Queue Thread 6"        [_thread_blocked, id=18612, stack(0x0000009fb6c00000,0x0000009fb6d00000) (1024K)]
  0x000001e257ae5cb0 JavaThread "WorkerExecutor Queue Thread 7"        [_thread_blocked, id=25512, stack(0x0000009fb6d00000,0x0000009fb6e00000) (1024K)]
  0x000001e25f5634e0 JavaThread "WorkerExecutor Queue Thread 8"        [_thread_blocked, id=26440, stack(0x0000009fb6e00000,0x0000009fb6f00000) (1024K)]
  0x000001e25f564f20 JavaThread "WorkerExecutor Queue Thread 9"        [_thread_blocked, id=8672, stack(0x0000009fb6f00000,0x0000009fb7000000) (1024K)]
  0x000001e25f564890 JavaThread "WorkerExecutor Queue Thread 10"        [_thread_blocked, id=11728, stack(0x0000009fb7000000,0x0000009fb7100000) (1024K)]
  0x000001e25f5655b0 JavaThread "WorkerExecutor Queue Thread 11"        [_thread_blocked, id=23740, stack(0x0000009fb7100000,0x0000009fb7200000) (1024K)]
  0x000001e25f563b70 JavaThread "WorkerExecutor Queue Thread 12"        [_thread_blocked, id=8644, stack(0x0000009fb7200000,0x0000009fb7300000) (1024K)]
  0x000001e25ecd59d0 JavaThread "Cache worker for Java compile cache (C:\Users\jmedi\.gradle\caches\9.2.1\javaCompile)"        [_thread_blocked, id=24988, stack(0x0000009fb7300000,0x0000009fb7400000) (1024K)]
  0x000001e25ecd66f0 JavaThread "Build operations"                  [_thread_blocked, id=25852, stack(0x0000009fb7400000,0x0000009fb7500000) (1024K)]
  0x000001e25ecd5340 JavaThread "Build operations Thread 2"         [_thread_blocked, id=8148, stack(0x0000009fb7500000,0x0000009fb7600000) (1024K)]
  0x000001e25ee08760 JavaThread "Build operations Thread 3"         [_thread_blocked, id=26500, stack(0x0000009fb7600000,0x0000009fb7700000) (1024K)]
  0x000001e25f5df150 JavaThread "Build operations Thread 4"         [_thread_blocked, id=21660, stack(0x0000009fb7700000,0x0000009fb7800000) (1024K)]
  0x000001e25f5df7e0 JavaThread "Build operations Thread 5"         [_thread_blocked, id=20916, stack(0x0000009fb7800000,0x0000009fb7900000) (1024K)]
  0x000001e25f5de430 JavaThread "Build operations Thread 6"         [_thread_blocked, id=19604, stack(0x0000009fb7900000,0x0000009fb7a00000) (1024K)]
  0x000001e25f5dfe70 JavaThread "Build operations Thread 7"         [_thread_blocked, id=13460, stack(0x0000009fb7a00000,0x0000009fb7b00000) (1024K)]
  0x000001e25f5deac0 JavaThread "Build operations Thread 8"         [_thread_blocked, id=24652, stack(0x0000009fb7b00000,0x0000009fb7c00000) (1024K)]
  0x000001e25f5e0500 JavaThread "Build operations Thread 9"         [_thread_blocked, id=22920, stack(0x0000009fb7c00000,0x0000009fb7d00000) (1024K)]
  0x000001e25f5e25d0 JavaThread "Build operations Thread 10"        [_thread_blocked, id=8384, stack(0x0000009fb7d00000,0x0000009fb7e00000) (1024K)]
  0x000001e25f5dd710 JavaThread "Build operations Thread 11"        [_thread_blocked, id=17188, stack(0x0000009fb7e00000,0x0000009fb7f00000) (1024K)]
  0x000001e25ee07a40 JavaThread "Build operations Thread 12"        [_thread_blocked, id=5440, stack(0x0000009fb7f00000,0x0000009fb8000000) (1024K)]
  0x000001e25ee08df0 JavaThread "ForkJoinPool.commonPool-worker-1" daemon [_thread_blocked, id=19728, stack(0x0000009fb8000000,0x0000009fb8100000) (1024K)]
  0x000001e25e1e1180 JavaThread "ForkJoinPool.commonPool-worker-2" daemon [_thread_blocked, id=6124, stack(0x0000009fb8100000,0x0000009fb8200000) (1024K)]
  0x000001e25ffd28e0 JavaThread "ForkJoinPool.commonPool-worker-3" daemon [_thread_blocked, id=11028, stack(0x0000009fb8200000,0x0000009fb8300000) (1024K)]
  0x000001e25ffd3600 JavaThread "ForkJoinPool.commonPool-worker-4" daemon [_thread_blocked, id=5108, stack(0x0000009fb8300000,0x0000009fb8400000) (1024K)]
  0x000001e25f5e4010 JavaThread "ForkJoinPool.commonPool-worker-5" daemon [_thread_blocked, id=16552, stack(0x0000009fb8400000,0x0000009fb8500000) (1024K)]
  0x000001e260624480 JavaThread "ForkJoinPool.commonPool-worker-6" daemon [_thread_blocked, id=10128, stack(0x0000009fb8500000,0x0000009fb8600000) (1024K)]
  0x000001e25fb79070 JavaThread "ForkJoinPool.commonPool-worker-7" daemon [_thread_blocked, id=6200, stack(0x0000009fb8600000,0x0000009fb8700000) (1024K)]
  0x000001e260624b10 JavaThread "ForkJoinPool.commonPool-worker-8" daemon [_thread_blocked, id=1752, stack(0x0000009fb8700000,0x0000009fb8800000) (1024K)]
  0x000001e25fb7a420 JavaThread "ForkJoinPool.commonPool-worker-9" daemon [_thread_blocked, id=18772, stack(0x0000009fb8800000,0x0000009fb8900000) (1024K)]
  0x000001e25ffd3c90 JavaThread "ForkJoinPool.commonPool-worker-10" daemon [_thread_blocked, id=6684, stack(0x0000009fb8900000,0x0000009fb8a00000) (1024K)]
  0x000001e25e1dfdd0 JavaThread "ForkJoinPool.commonPool-worker-11" daemon [_thread_blocked, id=24132, stack(0x0000009fb8a00000,0x0000009fb8b00000) (1024K)]
Total: 217

Other Threads:
=>0x000001e24f1f4050 VMThread "VM Thread"                           [id=6508, stack(0x0000009faa600000,0x0000009faa700000) (1024K)]
  0x000001e24f02e350 WatcherThread "VM Periodic Task Thread"        [id=26020, stack(0x0000009faa500000,0x0000009faa600000) (1024K)]
  0x000001e23533dff0 WorkerThread "GC Thread#0"                     [id=7484, stack(0x0000009faa000000,0x0000009faa100000) (1024K)]
  0x000001e24f9194a0 WorkerThread "GC Thread#1"                     [id=21992, stack(0x0000009fab100000,0x0000009fab200000) (1024K)]
  0x000001e24f919be0 WorkerThread "GC Thread#2"                     [id=26060, stack(0x0000009fab200000,0x0000009fab300000) (1024K)]
  0x000001e25451de50 WorkerThread "GC Thread#3"                     [id=26044, stack(0x0000009fab300000,0x0000009fab400000) (1024K)]
  0x000001e254632ae0 WorkerThread "GC Thread#4"                     [id=25524, stack(0x0000009fab400000,0x0000009fab500000) (1024K)]
  0x000001e25594fc00 WorkerThread "GC Thread#5"                     [id=19380, stack(0x0000009fab600000,0x0000009fab700000) (1024K)]
  0x000001e25438d950 WorkerThread "GC Thread#6"                     [id=26972, stack(0x0000009fab700000,0x0000009fab800000) (1024K)]
  0x000001e25438dcf0 WorkerThread "GC Thread#7"                     [id=17428, stack(0x0000009fab800000,0x0000009fab900000) (1024K)]
  0x000001e254a65c50 WorkerThread "GC Thread#8"                     [id=26316, stack(0x0000009fab900000,0x0000009faba00000) (1024K)]
  0x000001e2559fa420 WorkerThread "GC Thread#9"                     [id=19664, stack(0x0000009fac300000,0x0000009fac400000) (1024K)]
  0x000001e2375995d0 ConcurrentGCThread "G1 Main Marker"            [id=8728, stack(0x0000009faa100000,0x0000009faa200000) (1024K)]
  0x000001e237599fe0 WorkerThread "G1 Conc#0"                       [id=25788, stack(0x0000009faa200000,0x0000009faa300000) (1024K)]
  0x000001e2559faf00 WorkerThread "G1 Conc#1"                       [id=17888, stack(0x0000009fac400000,0x0000009fac500000) (1024K)]
  0x000001e2559fa080 WorkerThread "G1 Conc#2"                       [id=21196, stack(0x0000009fac500000,0x0000009fac600000) (1024K)]
  0x000001e2375ee620 ConcurrentGCThread "G1 Refine#0"               [id=27200, stack(0x0000009faa300000,0x0000009faa400000) (1024K)]
  0x000001e24eedf2c0 ConcurrentGCThread "G1 Service"                [id=22820, stack(0x0000009faa400000,0x0000009faa500000) (1024K)]
Total: 18

Threads with active compile tasks:
C2 CompilerThread0  37457 22573   !   4       java.nio.file.Files::walkFileTree (297 bytes)
Total: 1

VM state: at safepoint (normal execution)

VM Mutex/Monitor currently owned by a thread:  ([mutex/lock_event])
[0x00007ffa9ca48690] Threads_lock - owner thread: 0x000001e24f1f4050
[0x00007ffa9ca48790] Heap_lock - owner thread: 0x000001e2375995d0

Heap address: 0x0000000080000000, size: 2048 MB, Compressed Oops mode: 32-bit

CDS archive(s) not mapped
Compressed class space mapped at: 0x0000000100000000-0x0000000140000000, reserved size: 1073741824
Narrow klass base: 0x0000000000000000, Narrow klass shift: 3, Narrow klass range: 0x140000000

GC Precious Log:
 CardTable entry size: 512
 Card Set container configuration: InlinePtr #cards 5 size 8 Array Of Cards #cards 12 size 40 Howl #buckets 4 coarsen threshold 1843 Howl Bitmap #cards 512 size 80 coarsen threshold 460 Card regions per heap region 1 cards per card region 2048
 CPUs: 12 total, 12 available
 Memory: 7407M
 Large Page Support: Disabled
 NUMA Support: Disabled
 Compressed Oops: Enabled (32-bit)
 Heap Region Size: 1M
 Heap Min Capacity: 8M
 Heap Initial Capacity: 116M
 Heap Max Capacity: 2G
 Pre-touch: Disabled
 Parallel Workers: 10
 Concurrent Workers: 3
 Concurrent Refinement Workers: 10
 Periodic GC: Disabled

Heap:
 garbage-first heap   total 716800K, used 672256K [0x0000000080000000, 0x0000000100000000)
  region size 1024K, 115 young (117760K), 32 survivors (32768K)
 Metaspace       used 165103K, committed 167680K, reserved 1245184K
  class space    used 23603K, committed 24832K, reserved 1048576K

Heap Regions: E=young(eden), S=young(survivor), O=old, HS=humongous(starts), HC=humongous(continues), CS=collection set, F=free, TAMS=top-at-mark-start, PB=parsable bottom
|   0|0x0000000080000000, 0x0000000080100000, 0x0000000080100000|100%|HS|  |TAMS 0x0000000080100000| PB 0x0000000080000000| Complete 
|   1|0x0000000080100000, 0x0000000080200000, 0x0000000080200000|100%|HC|  |TAMS 0x0000000080200000| PB 0x0000000080100000| Complete 
|   2|0x0000000080200000, 0x0000000080300000, 0x0000000080300000|100%|HC|  |TAMS 0x0000000080300000| PB 0x0000000080200000| Complete 
|   3|0x0000000080300000, 0x0000000080400000, 0x0000000080400000|100%|HC|  |TAMS 0x0000000080400000| PB 0x0000000080300000| Complete 
|   4|0x0000000080400000, 0x0000000080500000, 0x0000000080500000|100%| O|  |TAMS 0x0000000080500000| PB 0x0000000080500000| Untracked 
|   5|0x0000000080500000, 0x0000000080600000, 0x0000000080600000|100%| O|  |TAMS 0x0000000080600000| PB 0x0000000080600000| Untracked 
|   6|0x0000000080600000, 0x0000000080700000, 0x0000000080700000|100%| O|  |TAMS 0x0000000080700000| PB 0x0000000080700000| Untracked 
|   7|0x0000000080700000, 0x0000000080800000, 0x0000000080800000|100%|HS|  |TAMS 0x0000000080800000| PB 0x0000000080700000| Complete 
|   8|0x0000000080800000, 0x0000000080900000, 0x0000000080900000|100%| O|  |TAMS 0x0000000080900000| PB 0x0000000080900000| Untracked 
|   9|0x0000000080900000, 0x0000000080a00000, 0x0000000080a00000|100%| O|  |TAMS 0x0000000080a00000| PB 0x0000000080a00000| Untracked 
|  10|0x0000000080a00000, 0x0000000080b00000, 0x0000000080b00000|100%| O|  |TAMS 0x0000000080b00000| PB 0x0000000080b00000| Untracked 
|  11|0x0000000080b00000, 0x0000000080c00000, 0x0000000080c00000|100%| O|  |TAMS 0x0000000080c00000| PB 0x0000000080c00000| Untracked 
|  12|0x0000000080c00000, 0x0000000080d00000, 0x0000000080d00000|100%| O|  |TAMS 0x0000000080d00000| PB 0x0000000080d00000| Untracked 
|  13|0x0000000080d00000, 0x0000000080e00000, 0x0000000080e00000|100%| O|  |TAMS 0x0000000080e00000| PB 0x0000000080e00000| Untracked 
|  14|0x0000000080e00000, 0x0000000080f00000, 0x0000000080f00000|100%| O|  |TAMS 0x0000000080f00000| PB 0x0000000080f00000| Untracked 
|  15|0x0000000080f00000, 0x0000000081000000, 0x0000000081000000|100%| O|  |TAMS 0x0000000081000000| PB 0x0000000081000000| Untracked 
|  16|0x0000000081000000, 0x0000000081100000, 0x0000000081100000|100%| O|  |TAMS 0x0000000081100000| PB 0x0000000081100000| Untracked 
|  17|0x0000000081100000, 0x0000000081200000, 0x0000000081200000|100%| O|  |TAMS 0x0000000081200000| PB 0x0000000081200000| Untracked 
|  18|0x0000000081200000, 0x0000000081300000, 0x0000000081300000|100%| O|  |TAMS 0x0000000081300000| PB 0x0000000081300000| Untracked 
|  19|0x0000000081300000, 0x0000000081400000, 0x0000000081400000|100%| O|  |TAMS 0x0000000081400000| PB 0x0000000081400000| Untracked 
|  20|0x0000000081400000, 0x0000000081500000, 0x0000000081500000|100%| O|  |TAMS 0x0000000081500000| PB 0x0000000081500000| Untracked 
|  21|0x0000000081500000, 0x0000000081600000, 0x0000000081600000|100%| O|  |TAMS 0x0000000081600000| PB 0x0000000081600000| Updating 
|  22|0x0000000081600000, 0x0000000081700000, 0x0000000081700000|100%| O|  |TAMS 0x0000000081700000| PB 0x0000000081700000| Updating 
|  23|0x0000000081700000, 0x0000000081800000, 0x0000000081800000|100%| O|  |TAMS 0x0000000081800000| PB 0x0000000081800000| Untracked 
|  24|0x0000000081800000, 0x0000000081900000, 0x0000000081900000|100%| O|  |TAMS 0x0000000081900000| PB 0x0000000081900000| Untracked 
|  25|0x0000000081900000, 0x0000000081a00000, 0x0000000081a00000|100%| O|  |TAMS 0x0000000081a00000| PB 0x0000000081a00000| Updating 
|  26|0x0000000081a00000, 0x0000000081b00000, 0x0000000081b00000|100%| O|  |TAMS 0x0000000081b00000| PB 0x0000000081b00000| Untracked 
|  27|0x0000000081b00000, 0x0000000081c00000, 0x0000000081c00000|100%| O|  |TAMS 0x0000000081c00000| PB 0x0000000081c00000| Untracked 
|  28|0x0000000081c00000, 0x0000000081d00000, 0x0000000081d00000|100%| O|  |TAMS 0x0000000081d00000| PB 0x0000000081d00000| Untracked 
|  29|0x0000000081d00000, 0x0000000081e00000, 0x0000000081e00000|100%| O|  |TAMS 0x0000000081e00000| PB 0x0000000081e00000| Untracked 
|  30|0x0000000081e00000, 0x0000000081f00000, 0x0000000081f00000|100%| O|  |TAMS 0x0000000081f00000| PB 0x0000000081f00000| Untracked 
|  31|0x0000000081f00000, 0x0000000082000000, 0x0000000082000000|100%| O|  |TAMS 0x0000000082000000| PB 0x0000000082000000| Untracked 
|  32|0x0000000082000000, 0x0000000082100000, 0x0000000082100000|100%|HS|  |TAMS 0x0000000082100000| PB 0x0000000082000000| Complete 
|  33|0x0000000082100000, 0x0000000082200000, 0x0000000082200000|100%| O|  |TAMS 0x0000000082200000| PB 0x0000000082200000| Untracked 
|  34|0x0000000082200000, 0x0000000082300000, 0x0000000082300000|100%| O|  |TAMS 0x0000000082300000| PB 0x0000000082300000| Untracked 
|  35|0x0000000082300000, 0x0000000082400000, 0x0000000082400000|100%| O|  |TAMS 0x0000000082400000| PB 0x0000000082400000| Untracked 
|  36|0x0000000082400000, 0x0000000082500000, 0x0000000082500000|100%|HS|  |TAMS 0x0000000082500000| PB 0x0000000082400000| Complete 
|  37|0x0000000082500000, 0x0000000082600000, 0x0000000082600000|100%|HC|  |TAMS 0x0000000082600000| PB 0x0000000082500000| Complete 
|  38|0x0000000082600000, 0x0000000082700000, 0x0000000082700000|100%| O|  |TAMS 0x0000000082700000| PB 0x0000000082700000| Updating 
|  39|0x0000000082700000, 0x0000000082800000, 0x0000000082800000|100%|HS|  |TAMS 0x0000000082800000| PB 0x0000000082700000| Complete 
|  40|0x0000000082800000, 0x0000000082900000, 0x0000000082900000|100%|HS|  |TAMS 0x0000000082900000| PB 0x0000000082800000| Complete 
|  41|0x0000000082900000, 0x0000000082a00000, 0x0000000082a00000|100%| O|  |TAMS 0x0000000082a00000| PB 0x0000000082a00000| Untracked 
|  42|0x0000000082a00000, 0x0000000082b00000, 0x0000000082b00000|100%| O|  |TAMS 0x0000000082b00000| PB 0x0000000082b00000| Untracked 
|  43|0x0000000082b00000, 0x0000000082c00000, 0x0000000082c00000|100%| O|  |TAMS 0x0000000082c00000| PB 0x0000000082c00000| Untracked 
|  44|0x0000000082c00000, 0x0000000082d00000, 0x0000000082d00000|100%| O|  |TAMS 0x0000000082d00000| PB 0x0000000082d00000| Untracked 
|  45|0x0000000082d00000, 0x0000000082e00000, 0x0000000082e00000|100%| O|  |TAMS 0x0000000082e00000| PB 0x0000000082e00000| Updating 
|  46|0x0000000082e00000, 0x0000000082f00000, 0x0000000082f00000|100%| O|  |TAMS 0x0000000082f00000| PB 0x0000000082f00000| Untracked 
|  47|0x0000000082f00000, 0x0000000083000000, 0x0000000083000000|100%| O|  |TAMS 0x0000000083000000| PB 0x0000000083000000| Updating 
|  48|0x0000000083000000, 0x0000000083100000, 0x0000000083100000|100%| O|  |TAMS 0x0000000083100000| PB 0x0000000083100000| Updating 
|  49|0x0000000083100000, 0x0000000083200000, 0x0000000083200000|100%| O|  |TAMS 0x0000000083200000| PB 0x0000000083200000| Untracked 
|  50|0x0000000083200000, 0x0000000083300000, 0x0000000083300000|100%| O|  |TAMS 0x0000000083300000| PB 0x0000000083300000| Untracked 
|  51|0x0000000083300000, 0x0000000083400000, 0x0000000083400000|100%| O|  |TAMS 0x0000000083400000| PB 0x0000000083400000| Untracked 
|  52|0x0000000083400000, 0x0000000083500000, 0x0000000083500000|100%| O|  |TAMS 0x0000000083500000| PB 0x0000000083500000| Updating 
|  53|0x0000000083500000, 0x0000000083600000, 0x0000000083600000|100%|HS|  |TAMS 0x0000000083600000| PB 0x0000000083500000| Complete 
|  54|0x0000000083600000, 0x0000000083700000, 0x0000000083700000|100%|HS|  |TAMS 0x0000000083700000| PB 0x0000000083600000| Complete 
|  55|0x0000000083700000, 0x0000000083800000, 0x0000000083800000|100%|HC|  |TAMS 0x0000000083800000| PB 0x0000000083700000| Complete 
|  56|0x0000000083800000, 0x0000000083900000, 0x0000000083900000|100%| O|  |TAMS 0x0000000083900000| PB 0x0000000083900000| Untracked 
|  57|0x0000000083900000, 0x0000000083a00000, 0x0000000083a00000|100%| O|  |TAMS 0x0000000083a00000| PB 0x0000000083a00000| Untracked 
|  58|0x0000000083a00000, 0x0000000083b00000, 0x0000000083b00000|100%| O|  |TAMS 0x0000000083b00000| PB 0x0000000083b00000| Untracked 
|  59|0x0000000083b00000, 0x0000000083c00000, 0x0000000083c00000|100%|HS|  |TAMS 0x0000000083c00000| PB 0x0000000083b00000| Complete 
|  60|0x0000000083c00000, 0x0000000083d00000, 0x0000000083d00000|100%|HS|  |TAMS 0x0000000083d00000| PB 0x0000000083c00000| Complete 
|  61|0x0000000083d00000, 0x0000000083e00000, 0x0000000083e00000|100%| O|  |TAMS 0x0000000083e00000| PB 0x0000000083e00000| Untracked 
|  62|0x0000000083e00000, 0x0000000083f00000, 0x0000000083f00000|100%| O|  |TAMS 0x0000000083f00000| PB 0x0000000083f00000| Untracked 
|  63|0x0000000083f00000, 0x0000000084000000, 0x0000000084000000|100%|HS|  |TAMS 0x0000000084000000| PB 0x0000000083f00000| Complete 
|  64|0x0000000084000000, 0x0000000084100000, 0x0000000084100000|100%|HC|  |TAMS 0x0000000084100000| PB 0x0000000084000000| Complete 
|  65|0x0000000084100000, 0x0000000084200000, 0x0000000084200000|100%| O|  |TAMS 0x0000000084200000| PB 0x0000000084200000| Untracked 
|  66|0x0000000084200000, 0x0000000084300000, 0x0000000084300000|100%| O|  |TAMS 0x0000000084300000| PB 0x0000000084300000| Untracked 
|  67|0x0000000084300000, 0x0000000084400000, 0x0000000084400000|100%| O|  |TAMS 0x0000000084400000| PB 0x0000000084400000| Untracked 
|  68|0x0000000084400000, 0x0000000084500000, 0x0000000084500000|100%| O|  |TAMS 0x0000000084500000| PB 0x0000000084500000| Untracked 
|  69|0x0000000084500000, 0x0000000084600000, 0x0000000084600000|100%| O|  |TAMS 0x0000000084600000| PB 0x0000000084600000| Untracked 
|  70|0x0000000084600000, 0x0000000084700000, 0x0000000084700000|100%| O|  |TAMS 0x0000000084700000| PB 0x0000000084700000| Untracked 
|  71|0x0000000084700000, 0x0000000084800000, 0x0000000084800000|100%| O|  |TAMS 0x0000000084800000| PB 0x0000000084800000| Untracked 
|  72|0x0000000084800000, 0x0000000084900000, 0x0000000084900000|100%| O|  |TAMS 0x0000000084900000| PB 0x0000000084900000| Updating 
|  73|0x0000000084900000, 0x0000000084a00000, 0x0000000084a00000|100%| O|  |TAMS 0x0000000084a00000| PB 0x0000000084a00000| Untracked 
|  74|0x0000000084a00000, 0x0000000084b00000, 0x0000000084b00000|100%| O|  |TAMS 0x0000000084b00000| PB 0x0000000084b00000| Untracked 
|  75|0x0000000084b00000, 0x0000000084c00000, 0x0000000084c00000|100%| O|  |TAMS 0x0000000084c00000| PB 0x0000000084c00000| Untracked 
|  76|0x0000000084c00000, 0x0000000084d00000, 0x0000000084d00000|100%| O|  |TAMS 0x0000000084d00000| PB 0x0000000084d00000| Untracked 
|  77|0x0000000084d00000, 0x0000000084e00000, 0x0000000084e00000|100%|HS|  |TAMS 0x0000000084e00000| PB 0x0000000084d00000| Complete 
|  78|0x0000000084e00000, 0x0000000084f00000, 0x0000000084f00000|100%| O|  |TAMS 0x0000000084f00000| PB 0x0000000084f00000| Untracked 
|  79|0x0000000084f00000, 0x0000000085000000, 0x0000000085000000|100%| O|  |TAMS 0x0000000085000000| PB 0x0000000085000000| Untracked 
|  80|0x0000000085000000, 0x0000000085100000, 0x0000000085100000|100%| O|  |TAMS 0x0000000085100000| PB 0x0000000085100000| Untracked 
|  81|0x0000000085100000, 0x0000000085200000, 0x0000000085200000|100%| O|  |TAMS 0x0000000085200000| PB 0x0000000085200000| Untracked 
|  82|0x0000000085200000, 0x0000000085300000, 0x0000000085300000|100%| O|  |TAMS 0x0000000085300000| PB 0x0000000085300000| Untracked 
|  83|0x0000000085300000, 0x0000000085400000, 0x0000000085400000|100%| O|  |TAMS 0x0000000085400000| PB 0x0000000085400000| Untracked 
|  84|0x0000000085400000, 0x0000000085500000, 0x0000000085500000|100%| O|  |TAMS 0x0000000085500000| PB 0x0000000085500000| Untracked 
|  85|0x0000000085500000, 0x0000000085600000, 0x0000000085600000|100%| O|  |TAMS 0x0000000085600000| PB 0x0000000085600000| Untracked 
|  86|0x0000000085600000, 0x0000000085700000, 0x0000000085700000|100%| O|  |TAMS 0x0000000085700000| PB 0x0000000085700000| Untracked 
|  87|0x0000000085700000, 0x0000000085800000, 0x0000000085800000|100%| O|  |TAMS 0x0000000085800000| PB 0x0000000085800000| Updating 
|  88|0x0000000085800000, 0x0000000085900000, 0x0000000085900000|100%|HS|  |TAMS 0x0000000085900000| PB 0x0000000085800000| Complete 
|  89|0x0000000085900000, 0x0000000085a00000, 0x0000000085a00000|100%|HC|  |TAMS 0x0000000085a00000| PB 0x0000000085900000| Complete 
|  90|0x0000000085a00000, 0x0000000085b00000, 0x0000000085b00000|100%|HS|  |TAMS 0x0000000085b00000| PB 0x0000000085a00000| Complete 
|  91|0x0000000085b00000, 0x0000000085c00000, 0x0000000085c00000|100%|HC|  |TAMS 0x0000000085c00000| PB 0x0000000085b00000| Complete 
|  92|0x0000000085c00000, 0x0000000085d00000, 0x0000000085d00000|100%|HC|  |TAMS 0x0000000085d00000| PB 0x0000000085c00000| Complete 
|  93|0x0000000085d00000, 0x0000000085e00000, 0x0000000085e00000|100%| O|  |TAMS 0x0000000085e00000| PB 0x0000000085e00000| Untracked 
|  94|0x0000000085e00000, 0x0000000085f00000, 0x0000000085f00000|100%| O|  |TAMS 0x0000000085f00000| PB 0x0000000085f00000| Updating 
|  95|0x0000000085f00000, 0x0000000086000000, 0x0000000086000000|100%| O|  |TAMS 0x0000000086000000| PB 0x0000000086000000| Untracked 
|  96|0x0000000086000000, 0x0000000086100000, 0x0000000086100000|100%| O|  |TAMS 0x0000000086100000| PB 0x0000000086100000| Untracked 
|  97|0x0000000086100000, 0x0000000086200000, 0x0000000086200000|100%| O|  |TAMS 0x0000000086200000| PB 0x0000000086200000| Untracked 
|  98|0x0000000086200000, 0x0000000086300000, 0x0000000086300000|100%| O|  |TAMS 0x0000000086300000| PB 0x0000000086300000| Untracked 
|  99|0x0000000086300000, 0x0000000086400000, 0x0000000086400000|100%| O|  |TAMS 0x0000000086400000| PB 0x0000000086400000| Untracked 
| 100|0x0000000086400000, 0x0000000086500000, 0x0000000086500000|100%| O|  |TAMS 0x0000000086500000| PB 0x0000000086500000| Updating 
| 101|0x0000000086500000, 0x0000000086600000, 0x0000000086600000|100%| O|  |TAMS 0x0000000086600000| PB 0x0000000086600000| Untracked 
| 102|0x0000000086600000, 0x0000000086700000, 0x0000000086700000|100%| O|  |TAMS 0x0000000086700000| PB 0x0000000086700000| Untracked 
| 103|0x0000000086700000, 0x0000000086800000, 0x0000000086800000|100%| O|  |TAMS 0x0000000086800000| PB 0x0000000086800000| Updating 
| 104|0x0000000086800000, 0x0000000086900000, 0x0000000086900000|100%| O|  |TAMS 0x0000000086900000| PB 0x0000000086900000| Untracked 
| 105|0x0000000086900000, 0x0000000086a00000, 0x0000000086a00000|100%| O|  |TAMS 0x0000000086a00000| PB 0x0000000086a00000| Untracked 
| 106|0x0000000086a00000, 0x0000000086b00000, 0x0000000086b00000|100%| O|  |TAMS 0x0000000086b00000| PB 0x0000000086b00000| Untracked 
| 107|0x0000000086b00000, 0x0000000086c00000, 0x0000000086c00000|100%| O|  |TAMS 0x0000000086c00000| PB 0x0000000086c00000| Untracked 
| 108|0x0000000086c00000, 0x0000000086d00000, 0x0000000086d00000|100%| O|  |TAMS 0x0000000086d00000| PB 0x0000000086d00000| Untracked 
| 109|0x0000000086d00000, 0x0000000086e00000, 0x0000000086e00000|100%| O|  |TAMS 0x0000000086e00000| PB 0x0000000086e00000| Untracked 
| 110|0x0000000086e00000, 0x0000000086f00000, 0x0000000086f00000|100%| O|  |TAMS 0x0000000086f00000| PB 0x0000000086f00000| Updating 
| 111|0x0000000086f00000, 0x0000000087000000, 0x0000000087000000|100%| O|  |TAMS 0x0000000087000000| PB 0x0000000087000000| Untracked 
| 112|0x0000000087000000, 0x0000000087100000, 0x0000000087100000|100%| O|  |TAMS 0x0000000087100000| PB 0x0000000087100000| Untracked 
| 113|0x0000000087100000, 0x0000000087200000, 0x0000000087200000|100%| O|  |TAMS 0x0000000087200000| PB 0x0000000087200000| Untracked 
| 114|0x0000000087200000, 0x0000000087300000, 0x0000000087300000|100%| O|  |TAMS 0x0000000087300000| PB 0x0000000087300000| Updating 
| 115|0x0000000087300000, 0x0000000087400000, 0x0000000087400000|100%| O|  |TAMS 0x0000000087400000| PB 0x0000000087400000| Untracked 
| 116|0x0000000087400000, 0x0000000087500000, 0x0000000087500000|100%| O|  |TAMS 0x0000000087500000| PB 0x0000000087500000| Updating 
| 117|0x0000000087500000, 0x0000000087600000, 0x0000000087600000|100%| O|  |TAMS 0x0000000087600000| PB 0x0000000087600000| Untracked 
| 118|0x0000000087600000, 0x0000000087700000, 0x0000000087700000|100%| O|  |TAMS 0x0000000087700000| PB 0x0000000087700000| Untracked 
| 119|0x0000000087700000, 0x0000000087800000, 0x0000000087800000|100%| O|  |TAMS 0x0000000087800000| PB 0x0000000087800000| Untracked 
| 120|0x0000000087800000, 0x0000000087900000, 0x0000000087900000|100%| O|  |TAMS 0x0000000087900000| PB 0x0000000087900000| Untracked 
| 121|0x0000000087900000, 0x0000000087a00000, 0x0000000087a00000|100%| O|  |TAMS 0x0000000087a00000| PB 0x0000000087a00000| Untracked 
| 122|0x0000000087a00000, 0x0000000087b00000, 0x0000000087b00000|100%| O|  |TAMS 0x0000000087b00000| PB 0x0000000087b00000| Untracked 
| 123|0x0000000087b00000, 0x0000000087c00000, 0x0000000087c00000|100%| O|  |TAMS 0x0000000087c00000| PB 0x0000000087c00000| Untracked 
| 124|0x0000000087c00000, 0x0000000087d00000, 0x0000000087d00000|100%| O|  |TAMS 0x0000000087d00000| PB 0x0000000087d00000| Untracked 
| 125|0x0000000087d00000, 0x0000000087e00000, 0x0000000087e00000|100%| O|  |TAMS 0x0000000087e00000| PB 0x0000000087e00000| Untracked 
| 126|0x0000000087e00000, 0x0000000087f00000, 0x0000000087f00000|100%| O|  |TAMS 0x0000000087f00000| PB 0x0000000087f00000| Untracked 
| 127|0x0000000087f00000, 0x0000000088000000, 0x0000000088000000|100%| O|  |TAMS 0x0000000088000000| PB 0x0000000088000000| Untracked 
| 128|0x0000000088000000, 0x0000000088100000, 0x0000000088100000|100%| O|  |TAMS 0x0000000088100000| PB 0x0000000088100000| Updating 
| 129|0x0000000088100000, 0x0000000088200000, 0x0000000088200000|100%| O|  |TAMS 0x0000000088200000| PB 0x0000000088200000| Updating 
| 130|0x0000000088200000, 0x0000000088300000, 0x0000000088300000|100%| O|  |TAMS 0x0000000088300000| PB 0x0000000088300000| Untracked 
| 131|0x0000000088300000, 0x0000000088400000, 0x0000000088400000|100%| O|  |TAMS 0x0000000088400000| PB 0x0000000088400000| Updating 
| 132|0x0000000088400000, 0x0000000088500000, 0x0000000088500000|100%| O|  |TAMS 0x0000000088500000| PB 0x0000000088500000| Untracked 
| 133|0x0000000088500000, 0x0000000088600000, 0x0000000088600000|100%| O|  |TAMS 0x0000000088600000| PB 0x0000000088600000| Untracked 
| 134|0x0000000088600000, 0x0000000088700000, 0x0000000088700000|100%| O|  |TAMS 0x0000000088700000| PB 0x0000000088700000| Untracked 
| 135|0x0000000088700000, 0x0000000088800000, 0x0000000088800000|100%| O|  |TAMS 0x0000000088800000| PB 0x0000000088800000| Updating 
| 136|0x0000000088800000, 0x0000000088900000, 0x0000000088900000|100%| O|  |TAMS 0x0000000088900000| PB 0x0000000088900000| Untracked 
| 137|0x0000000088900000, 0x0000000088a00000, 0x0000000088a00000|100%| O|  |TAMS 0x0000000088a00000| PB 0x0000000088a00000| Updating 
| 138|0x0000000088a00000, 0x0000000088b00000, 0x0000000088b00000|100%| O|  |TAMS 0x0000000088b00000| PB 0x0000000088b00000| Untracked 
| 139|0x0000000088b00000, 0x0000000088c00000, 0x0000000088c00000|100%| O|  |TAMS 0x0000000088c00000| PB 0x0000000088c00000| Updating 
| 140|0x0000000088c00000, 0x0000000088d00000, 0x0000000088d00000|100%| O|  |TAMS 0x0000000088d00000| PB 0x0000000088d00000| Updating 
| 141|0x0000000088d00000, 0x0000000088e00000, 0x0000000088e00000|100%| O|  |TAMS 0x0000000088e00000| PB 0x0000000088e00000| Updating 
| 142|0x0000000088e00000, 0x0000000088f00000, 0x0000000088f00000|100%| O|  |TAMS 0x0000000088f00000| PB 0x0000000088f00000| Untracked 
| 143|0x0000000088f00000, 0x0000000089000000, 0x0000000089000000|100%|HS|  |TAMS 0x0000000089000000| PB 0x0000000088f00000| Complete 
| 144|0x0000000089000000, 0x0000000089100000, 0x0000000089100000|100%|HC|  |TAMS 0x0000000089100000| PB 0x0000000089000000| Complete 
| 145|0x0000000089100000, 0x0000000089200000, 0x0000000089200000|100%|HS|  |TAMS 0x0000000089200000| PB 0x0000000089100000| Complete 
| 146|0x0000000089200000, 0x0000000089300000, 0x0000000089300000|100%| O|  |TAMS 0x0000000089300000| PB 0x0000000089300000| Untracked 
| 147|0x0000000089300000, 0x0000000089400000, 0x0000000089400000|100%|HS|  |TAMS 0x0000000089400000| PB 0x0000000089300000| Complete 
| 148|0x0000000089400000, 0x0000000089500000, 0x0000000089500000|100%|HC|  |TAMS 0x0000000089500000| PB 0x0000000089400000| Complete 
| 149|0x0000000089500000, 0x0000000089600000, 0x0000000089600000|100%|HS|  |TAMS 0x0000000089600000| PB 0x0000000089500000| Complete 
| 150|0x0000000089600000, 0x0000000089700000, 0x0000000089700000|100%| O|  |TAMS 0x0000000089600000| PB 0x0000000089600000| Untracked 
| 151|0x0000000089700000, 0x0000000089800000, 0x0000000089800000|100%|HS|  |TAMS 0x0000000089700000| PB 0x0000000089700000| Complete 
| 152|0x0000000089800000, 0x0000000089900000, 0x0000000089900000|100%|HC|  |TAMS 0x0000000089800000| PB 0x0000000089800000| Complete 
| 153|0x0000000089900000, 0x0000000089a00000, 0x0000000089a00000|100%| O|  |TAMS 0x0000000089900000| PB 0x0000000089900000| Untracked 
| 154|0x0000000089a00000, 0x0000000089b00000, 0x0000000089b00000|100%| O|  |TAMS 0x0000000089a00000| PB 0x0000000089a00000| Untracked 
| 155|0x0000000089b00000, 0x0000000089c00000, 0x0000000089c00000|100%| O|  |TAMS 0x0000000089c00000| PB 0x0000000089c00000| Untracked 
| 156|0x0000000089c00000, 0x0000000089d00000, 0x0000000089d00000|100%| O|  |TAMS 0x0000000089d00000| PB 0x0000000089d00000| Untracked 
| 157|0x0000000089d00000, 0x0000000089e00000, 0x0000000089e00000|100%| O|  |TAMS 0x0000000089e00000| PB 0x0000000089e00000| Untracked 
| 158|0x0000000089e00000, 0x0000000089f00000, 0x0000000089f00000|100%| O|  |TAMS 0x0000000089f00000| PB 0x0000000089f00000| Untracked 
| 159|0x0000000089f00000, 0x000000008a000000, 0x000000008a000000|100%| O|  |TAMS 0x000000008a000000| PB 0x000000008a000000| Updating 
| 160|0x000000008a000000, 0x000000008a100000, 0x000000008a100000|100%| O|  |TAMS 0x000000008a04c2b8| PB 0x000000008a04c2b8| Untracked 
| 161|0x000000008a100000, 0x000000008a200000, 0x000000008a200000|100%|HS|  |TAMS 0x000000008a200000| PB 0x000000008a100000| Complete 
| 162|0x000000008a200000, 0x000000008a300000, 0x000000008a300000|100%|HC|  |TAMS 0x000000008a300000| PB 0x000000008a200000| Complete 
| 163|0x000000008a300000, 0x000000008a400000, 0x000000008a400000|100%|HC|  |TAMS 0x000000008a400000| PB 0x000000008a300000| Complete 
| 164|0x000000008a400000, 0x000000008a500000, 0x000000008a500000|100%|HC|  |TAMS 0x000000008a500000| PB 0x000000008a400000| Complete 
| 165|0x000000008a500000, 0x000000008a600000, 0x000000008a600000|100%|HC|  |TAMS 0x000000008a600000| PB 0x000000008a500000| Complete 
| 166|0x000000008a600000, 0x000000008a700000, 0x000000008a700000|100%|HC|  |TAMS 0x000000008a700000| PB 0x000000008a600000| Complete 
| 167|0x000000008a700000, 0x000000008a800000, 0x000000008a800000|100%|HC|  |TAMS 0x000000008a800000| PB 0x000000008a700000| Complete 
| 168|0x000000008a800000, 0x000000008a900000, 0x000000008a900000|100%|HC|  |TAMS 0x000000008a900000| PB 0x000000008a800000| Complete 
| 169|0x000000008a900000, 0x000000008aa00000, 0x000000008aa00000|100%|HS|  |TAMS 0x000000008aa00000| PB 0x000000008a900000| Complete 
| 170|0x000000008aa00000, 0x000000008ab00000, 0x000000008ab00000|100%|HC|  |TAMS 0x000000008ab00000| PB 0x000000008aa00000| Complete 
| 171|0x000000008ab00000, 0x000000008ac00000, 0x000000008ac00000|100%|HC|  |TAMS 0x000000008ac00000| PB 0x000000008ab00000| Complete 
| 172|0x000000008ac00000, 0x000000008ad00000, 0x000000008ad00000|100%|HC|  |TAMS 0x000000008ad00000| PB 0x000000008ac00000| Complete 
| 173|0x000000008ad00000, 0x000000008ae00000, 0x000000008ae00000|100%|HC|  |TAMS 0x000000008ae00000| PB 0x000000008ad00000| Complete 
| 174|0x000000008ae00000, 0x000000008af00000, 0x000000008af00000|100%|HC|  |TAMS 0x000000008af00000| PB 0x000000008ae00000| Complete 
| 175|0x000000008af00000, 0x000000008b000000, 0x000000008b000000|100%|HC|  |TAMS 0x000000008b000000| PB 0x000000008af00000| Complete 
| 176|0x000000008b000000, 0x000000008b100000, 0x000000008b100000|100%|HC|  |TAMS 0x000000008b100000| PB 0x000000008b000000| Complete 
| 177|0x000000008b100000, 0x000000008b200000, 0x000000008b200000|100%|HC|  |TAMS 0x000000008b200000| PB 0x000000008b100000| Complete 
| 178|0x000000008b200000, 0x000000008b300000, 0x000000008b300000|100%|HS|  |TAMS 0x000000008b300000| PB 0x000000008b200000| Complete 
| 179|0x000000008b300000, 0x000000008b400000, 0x000000008b400000|100%|HC|  |TAMS 0x000000008b400000| PB 0x000000008b300000| Complete 
| 180|0x000000008b400000, 0x000000008b500000, 0x000000008b500000|100%|HC|  |TAMS 0x000000008b500000| PB 0x000000008b400000| Complete 
| 181|0x000000008b500000, 0x000000008b600000, 0x000000008b600000|100%|HC|  |TAMS 0x000000008b600000| PB 0x000000008b500000| Complete 
| 182|0x000000008b600000, 0x000000008b700000, 0x000000008b700000|100%|HC|  |TAMS 0x000000008b700000| PB 0x000000008b600000| Complete 
| 183|0x000000008b700000, 0x000000008b800000, 0x000000008b800000|100%|HC|  |TAMS 0x000000008b800000| PB 0x000000008b700000| Complete 
| 184|0x000000008b800000, 0x000000008b900000, 0x000000008b900000|100%|HC|  |TAMS 0x000000008b900000| PB 0x000000008b800000| Complete 
| 185|0x000000008b900000, 0x000000008ba00000, 0x000000008ba00000|100%|HC|  |TAMS 0x000000008ba00000| PB 0x000000008b900000| Complete 
| 186|0x000000008ba00000, 0x000000008bb00000, 0x000000008bb00000|100%|HC|  |TAMS 0x000000008bb00000| PB 0x000000008ba00000| Complete 
| 187|0x000000008bb00000, 0x000000008bc00000, 0x000000008bc00000|100%|HC|  |TAMS 0x000000008bc00000| PB 0x000000008bb00000| Complete 
| 188|0x000000008bc00000, 0x000000008bd00000, 0x000000008bd00000|100%|HC|  |TAMS 0x000000008bd00000| PB 0x000000008bc00000| Complete 
| 189|0x000000008bd00000, 0x000000008be00000, 0x000000008be00000|100%|HC|  |TAMS 0x000000008be00000| PB 0x000000008bd00000| Complete 
| 190|0x000000008be00000, 0x000000008bf00000, 0x000000008bf00000|100%|HC|  |TAMS 0x000000008bf00000| PB 0x000000008be00000| Complete 
| 191|0x000000008bf00000, 0x000000008c000000, 0x000000008c000000|100%|HC|  |TAMS 0x000000008c000000| PB 0x000000008bf00000| Complete 
| 192|0x000000008c000000, 0x000000008c100000, 0x000000008c100000|100%|HC|  |TAMS 0x000000008c100000| PB 0x000000008c000000| Complete 
| 193|0x000000008c100000, 0x000000008c200000, 0x000000008c200000|100%|HC|  |TAMS 0x000000008c200000| PB 0x000000008c100000| Complete 
| 194|0x000000008c200000, 0x000000008c300000, 0x000000008c300000|100%|HS|  |TAMS 0x000000008c300000| PB 0x000000008c200000| Complete 
| 195|0x000000008c300000, 0x000000008c400000, 0x000000008c400000|100%|HC|  |TAMS 0x000000008c400000| PB 0x000000008c300000| Complete 
| 196|0x000000008c400000, 0x000000008c500000, 0x000000008c500000|100%|HC|  |TAMS 0x000000008c500000| PB 0x000000008c400000| Complete 
| 197|0x000000008c500000, 0x000000008c600000, 0x000000008c600000|100%|HC|  |TAMS 0x000000008c600000| PB 0x000000008c500000| Complete 
| 198|0x000000008c600000, 0x000000008c700000, 0x000000008c700000|100%|HC|  |TAMS 0x000000008c700000| PB 0x000000008c600000| Complete 
| 199|0x000000008c700000, 0x000000008c800000, 0x000000008c800000|100%|HC|  |TAMS 0x000000008c800000| PB 0x000000008c700000| Complete 
| 200|0x000000008c800000, 0x000000008c900000, 0x000000008c900000|100%|HC|  |TAMS 0x000000008c900000| PB 0x000000008c800000| Complete 
| 201|0x000000008c900000, 0x000000008ca00000, 0x000000008ca00000|100%|HC|  |TAMS 0x000000008ca00000| PB 0x000000008c900000| Complete 
| 202|0x000000008ca00000, 0x000000008cb00000, 0x000000008cb00000|100%|HC|  |TAMS 0x000000008cb00000| PB 0x000000008ca00000| Complete 
| 203|0x000000008cb00000, 0x000000008cc00000, 0x000000008cc00000|100%|HC|  |TAMS 0x000000008cc00000| PB 0x000000008cb00000| Complete 
| 204|0x000000008cc00000, 0x000000008cd00000, 0x000000008cd00000|100%|HC|  |TAMS 0x000000008cd00000| PB 0x000000008cc00000| Complete 
| 205|0x000000008cd00000, 0x000000008ce00000, 0x000000008ce00000|100%|HC|  |TAMS 0x000000008ce00000| PB 0x000000008cd00000| Complete 
| 206|0x000000008ce00000, 0x000000008cf00000, 0x000000008cf00000|100%|HC|  |TAMS 0x000000008cf00000| PB 0x000000008ce00000| Complete 
| 207|0x000000008cf00000, 0x000000008d000000, 0x000000008d000000|100%|HC|  |TAMS 0x000000008d000000| PB 0x000000008cf00000| Complete 
| 208|0x000000008d000000, 0x000000008d100000, 0x000000008d100000|100%|HS|  |TAMS 0x000000008d100000| PB 0x000000008d000000| Complete 
| 209|0x000000008d100000, 0x000000008d200000, 0x000000008d200000|100%|HC|  |TAMS 0x000000008d200000| PB 0x000000008d100000| Complete 
| 210|0x000000008d200000, 0x000000008d300000, 0x000000008d300000|100%|HC|  |TAMS 0x000000008d300000| PB 0x000000008d200000| Complete 
| 211|0x000000008d300000, 0x000000008d400000, 0x000000008d400000|100%|HC|  |TAMS 0x000000008d400000| PB 0x000000008d300000| Complete 
| 212|0x000000008d400000, 0x000000008d500000, 0x000000008d500000|100%|HC|  |TAMS 0x000000008d500000| PB 0x000000008d400000| Complete 
| 213|0x000000008d500000, 0x000000008d600000, 0x000000008d600000|100%|HC|  |TAMS 0x000000008d600000| PB 0x000000008d500000| Complete 
| 214|0x000000008d600000, 0x000000008d700000, 0x000000008d700000|100%|HS|  |TAMS 0x000000008d700000| PB 0x000000008d600000| Complete 
| 215|0x000000008d700000, 0x000000008d800000, 0x000000008d800000|100%|HC|  |TAMS 0x000000008d800000| PB 0x000000008d700000| Complete 
| 216|0x000000008d800000, 0x000000008d900000, 0x000000008d900000|100%|HC|  |TAMS 0x000000008d900000| PB 0x000000008d800000| Complete 
| 217|0x000000008d900000, 0x000000008da00000, 0x000000008da00000|100%|HC|  |TAMS 0x000000008da00000| PB 0x000000008d900000| Complete 
| 218|0x000000008da00000, 0x000000008db00000, 0x000000008db00000|100%|HS|  |TAMS 0x000000008db00000| PB 0x000000008da00000| Complete 
| 219|0x000000008db00000, 0x000000008dc00000, 0x000000008dc00000|100%|HC|  |TAMS 0x000000008dc00000| PB 0x000000008db00000| Complete 
| 220|0x000000008dc00000, 0x000000008dd00000, 0x000000008dd00000|100%|HC|  |TAMS 0x000000008dd00000| PB 0x000000008dc00000| Complete 
| 221|0x000000008dd00000, 0x000000008de00000, 0x000000008de00000|100%|HC|  |TAMS 0x000000008de00000| PB 0x000000008dd00000| Complete 
| 222|0x000000008de00000, 0x000000008df00000, 0x000000008df00000|100%|HC|  |TAMS 0x000000008df00000| PB 0x000000008de00000| Complete 
| 223|0x000000008df00000, 0x000000008e000000, 0x000000008e000000|100%|HC|  |TAMS 0x000000008e000000| PB 0x000000008df00000| Complete 
| 224|0x000000008e000000, 0x000000008e100000, 0x000000008e100000|100%| O|  |TAMS 0x000000008e000000| PB 0x000000008e000000| Untracked 
| 225|0x000000008e100000, 0x000000008e200000, 0x000000008e200000|100%| O|  |TAMS 0x000000008e100000| PB 0x000000008e100000| Untracked 
| 226|0x000000008e200000, 0x000000008e300000, 0x000000008e300000|100%| O|  |TAMS 0x000000008e200000| PB 0x000000008e200000| Untracked 
| 227|0x000000008e300000, 0x000000008e400000, 0x000000008e400000|100%| O|  |TAMS 0x000000008e300000| PB 0x000000008e300000| Untracked 
| 228|0x000000008e400000, 0x000000008e500000, 0x000000008e500000|100%| O|  |TAMS 0x000000008e400000| PB 0x000000008e400000| Untracked 
| 229|0x000000008e500000, 0x000000008e600000, 0x000000008e600000|100%| O|  |TAMS 0x000000008e500000| PB 0x000000008e500000| Untracked 
| 230|0x000000008e600000, 0x000000008e700000, 0x000000008e700000|100%| O|  |TAMS 0x000000008e600000| PB 0x000000008e600000| Untracked 
| 231|0x000000008e700000, 0x000000008e800000, 0x000000008e800000|100%| O|  |TAMS 0x000000008e700000| PB 0x000000008e700000| Untracked 
| 232|0x000000008e800000, 0x000000008e900000, 0x000000008e900000|100%| O|  |TAMS 0x000000008e800000| PB 0x000000008e800000| Untracked 
| 233|0x000000008e900000, 0x000000008ea00000, 0x000000008ea00000|100%| O|  |TAMS 0x000000008e900000| PB 0x000000008e900000| Untracked 
| 234|0x000000008ea00000, 0x000000008eb00000, 0x000000008eb00000|100%| O|  |TAMS 0x000000008ea00000| PB 0x000000008ea00000| Untracked 
| 235|0x000000008eb00000, 0x000000008ec00000, 0x000000008ec00000|100%| O|  |TAMS 0x000000008eb00000| PB 0x000000008eb00000| Untracked 
| 236|0x000000008ec00000, 0x000000008ed00000, 0x000000008ed00000|100%| O|  |TAMS 0x000000008ec00000| PB 0x000000008ec00000| Untracked 
| 237|0x000000008ed00000, 0x000000008ee00000, 0x000000008ee00000|100%| O|  |TAMS 0x000000008ed00000| PB 0x000000008ed00000| Untracked 
| 238|0x000000008ee00000, 0x000000008ef00000, 0x000000008ef00000|100%| O|  |TAMS 0x000000008ee00000| PB 0x000000008ee00000| Untracked 
| 239|0x000000008ef00000, 0x000000008f000000, 0x000000008f000000|100%| O|  |TAMS 0x000000008ef00000| PB 0x000000008ef00000| Untracked 
| 240|0x000000008f000000, 0x000000008f100000, 0x000000008f100000|100%|HS|  |TAMS 0x000000008f000000| PB 0x000000008f000000| Complete 
| 241|0x000000008f100000, 0x000000008f200000, 0x000000008f200000|100%|HC|  |TAMS 0x000000008f100000| PB 0x000000008f100000| Complete 
| 242|0x000000008f200000, 0x000000008f300000, 0x000000008f300000|100%|HC|  |TAMS 0x000000008f200000| PB 0x000000008f200000| Complete 
| 243|0x000000008f300000, 0x000000008f400000, 0x000000008f400000|100%|HC|  |TAMS 0x000000008f300000| PB 0x000000008f300000| Complete 
| 244|0x000000008f400000, 0x000000008f500000, 0x000000008f500000|100%|HC|  |TAMS 0x000000008f400000| PB 0x000000008f400000| Complete 
| 245|0x000000008f500000, 0x000000008f600000, 0x000000008f600000|100%|HS|  |TAMS 0x000000008f500000| PB 0x000000008f500000| Complete 
| 246|0x000000008f600000, 0x000000008f700000, 0x000000008f700000|100%|HC|  |TAMS 0x000000008f600000| PB 0x000000008f600000| Complete 
| 247|0x000000008f700000, 0x000000008f800000, 0x000000008f800000|100%|HS|  |TAMS 0x000000008f700000| PB 0x000000008f700000| Complete 
| 248|0x000000008f800000, 0x000000008f900000, 0x000000008f900000|100%|HC|  |TAMS 0x000000008f800000| PB 0x000000008f800000| Complete 
| 249|0x000000008f900000, 0x000000008f980000, 0x000000008fa00000| 50%| O|  |TAMS 0x000000008f900000| PB 0x000000008f900000| Updating 
| 250|0x000000008fa00000, 0x000000008fb00000, 0x000000008fb00000|100%|HS|  |TAMS 0x000000008fa00000| PB 0x000000008fa00000| Complete 
| 251|0x000000008fb00000, 0x000000008fc00000, 0x000000008fc00000|100%|HC|  |TAMS 0x000000008fb00000| PB 0x000000008fb00000| Complete 
| 252|0x000000008fc00000, 0x000000008fd00000, 0x000000008fd00000|100%|HC|  |TAMS 0x000000008fc00000| PB 0x000000008fc00000| Complete 
| 253|0x000000008fd00000, 0x000000008fe00000, 0x000000008fe00000|100%|HC|  |TAMS 0x000000008fd00000| PB 0x000000008fd00000| Complete 
| 254|0x000000008fe00000, 0x000000008ff00000, 0x000000008ff00000|100%|HC|  |TAMS 0x000000008fe00000| PB 0x000000008fe00000| Complete 
| 255|0x000000008ff00000, 0x0000000090000000, 0x0000000090000000|100%|HC|  |TAMS 0x000000008ff00000| PB 0x000000008ff00000| Complete 
| 256|0x0000000090000000, 0x0000000090100000, 0x0000000090100000|100%|HC|  |TAMS 0x0000000090000000| PB 0x0000000090000000| Complete 
| 257|0x0000000090100000, 0x0000000090200000, 0x0000000090200000|100%|HC|  |TAMS 0x0000000090100000| PB 0x0000000090100000| Complete 
| 258|0x0000000090200000, 0x0000000090300000, 0x0000000090300000|100%|HC|  |TAMS 0x0000000090200000| PB 0x0000000090200000| Complete 
| 259|0x0000000090300000, 0x0000000090400000, 0x0000000090400000|100%|HC|  |TAMS 0x0000000090300000| PB 0x0000000090300000| Complete 
| 260|0x0000000090400000, 0x0000000090500000, 0x0000000090500000|100%|HC|  |TAMS 0x0000000090400000| PB 0x0000000090400000| Complete 
| 261|0x0000000090500000, 0x0000000090600000, 0x0000000090600000|100%|HS|  |TAMS 0x0000000090500000| PB 0x0000000090500000| Complete 
| 262|0x0000000090600000, 0x0000000090700000, 0x0000000090700000|100%|HC|  |TAMS 0x0000000090600000| PB 0x0000000090600000| Complete 
| 263|0x0000000090700000, 0x0000000090800000, 0x0000000090800000|100%|HC|  |TAMS 0x0000000090700000| PB 0x0000000090700000| Complete 
| 264|0x0000000090800000, 0x0000000090900000, 0x0000000090900000|100%|HC|  |TAMS 0x0000000090800000| PB 0x0000000090800000| Complete 
| 265|0x0000000090900000, 0x0000000090a00000, 0x0000000090a00000|100%|HC|  |TAMS 0x0000000090900000| PB 0x0000000090900000| Complete 
| 266|0x0000000090a00000, 0x0000000090b00000, 0x0000000090b00000|100%|HC|  |TAMS 0x0000000090a00000| PB 0x0000000090a00000| Complete 
| 267|0x0000000090b00000, 0x0000000090c00000, 0x0000000090c00000|100%|HC|  |TAMS 0x0000000090b00000| PB 0x0000000090b00000| Complete 
| 268|0x0000000090c00000, 0x0000000090d00000, 0x0000000090d00000|100%|HC|  |TAMS 0x0000000090c00000| PB 0x0000000090c00000| Complete 
| 269|0x0000000090d00000, 0x0000000090e00000, 0x0000000090e00000|100%|HC|  |TAMS 0x0000000090d00000| PB 0x0000000090d00000| Complete 
| 270|0x0000000090e00000, 0x0000000090f00000, 0x0000000090f00000|100%|HC|  |TAMS 0x0000000090e00000| PB 0x0000000090e00000| Complete 
| 271|0x0000000090f00000, 0x0000000091000000, 0x0000000091000000|100%|HC|  |TAMS 0x0000000090f00000| PB 0x0000000090f00000| Complete 
| 272|0x0000000091000000, 0x0000000091100000, 0x0000000091100000|100%|HC|  |TAMS 0x0000000091000000| PB 0x0000000091000000| Complete 
| 273|0x0000000091100000, 0x0000000091200000, 0x0000000091200000|100%|HC|  |TAMS 0x0000000091100000| PB 0x0000000091100000| Complete 
| 274|0x0000000091200000, 0x0000000091300000, 0x0000000091300000|100%|HC|  |TAMS 0x0000000091200000| PB 0x0000000091200000| Complete 
| 275|0x0000000091300000, 0x0000000091400000, 0x0000000091400000|100%|HS|  |TAMS 0x0000000091300000| PB 0x0000000091300000| Complete 
| 276|0x0000000091400000, 0x0000000091500000, 0x0000000091500000|100%|HC|  |TAMS 0x0000000091400000| PB 0x0000000091400000| Complete 
| 277|0x0000000091500000, 0x0000000091600000, 0x0000000091600000|100%|HC|  |TAMS 0x0000000091500000| PB 0x0000000091500000| Complete 
| 278|0x0000000091600000, 0x0000000091700000, 0x0000000091700000|100%|HC|  |TAMS 0x0000000091600000| PB 0x0000000091600000| Complete 
| 279|0x0000000091700000, 0x0000000091800000, 0x0000000091800000|100%|HC|  |TAMS 0x0000000091700000| PB 0x0000000091700000| Complete 
| 280|0x0000000091800000, 0x0000000091900000, 0x0000000091900000|100%|HC|  |TAMS 0x0000000091800000| PB 0x0000000091800000| Complete 
| 281|0x0000000091900000, 0x0000000091a00000, 0x0000000091a00000|100%|HC|  |TAMS 0x0000000091900000| PB 0x0000000091900000| Complete 
| 282|0x0000000091a00000, 0x0000000091b00000, 0x0000000091b00000|100%|HC|  |TAMS 0x0000000091a00000| PB 0x0000000091a00000| Complete 
| 283|0x0000000091b00000, 0x0000000091c00000, 0x0000000091c00000|100%|HS|  |TAMS 0x0000000091b00000| PB 0x0000000091b00000| Complete 
| 284|0x0000000091c00000, 0x0000000091d00000, 0x0000000091d00000|100%|HC|  |TAMS 0x0000000091c00000| PB 0x0000000091c00000| Complete 
| 285|0x0000000091d00000, 0x0000000091e00000, 0x0000000091e00000|100%|HC|  |TAMS 0x0000000091d00000| PB 0x0000000091d00000| Complete 
| 286|0x0000000091e00000, 0x0000000091f00000, 0x0000000091f00000|100%|HC|  |TAMS 0x0000000091e00000| PB 0x0000000091e00000| Complete 
| 287|0x0000000091f00000, 0x0000000092000000, 0x0000000092000000|100%|HC|  |TAMS 0x0000000091f00000| PB 0x0000000091f00000| Complete 
| 288|0x0000000092000000, 0x0000000092100000, 0x0000000092100000|100%|HC|  |TAMS 0x0000000092000000| PB 0x0000000092000000| Complete 
| 289|0x0000000092100000, 0x0000000092200000, 0x0000000092200000|100%|HC|  |TAMS 0x0000000092100000| PB 0x0000000092100000| Complete 
| 290|0x0000000092200000, 0x0000000092300000, 0x0000000092300000|100%|HC|  |TAMS 0x0000000092200000| PB 0x0000000092200000| Complete 
| 291|0x0000000092300000, 0x0000000092400000, 0x0000000092400000|100%|HC|  |TAMS 0x0000000092300000| PB 0x0000000092300000| Complete 
| 292|0x0000000092400000, 0x0000000092500000, 0x0000000092500000|100%|HS|  |TAMS 0x0000000092400000| PB 0x0000000092400000| Complete 
| 293|0x0000000092500000, 0x0000000092600000, 0x0000000092600000|100%|HC|  |TAMS 0x0000000092500000| PB 0x0000000092500000| Complete 
| 294|0x0000000092600000, 0x0000000092700000, 0x0000000092700000|100%|HC|  |TAMS 0x0000000092600000| PB 0x0000000092600000| Complete 
| 295|0x0000000092700000, 0x0000000092800000, 0x0000000092800000|100%|HC|  |TAMS 0x0000000092700000| PB 0x0000000092700000| Complete 
| 296|0x0000000092800000, 0x0000000092900000, 0x0000000092900000|100%|HC|  |TAMS 0x0000000092800000| PB 0x0000000092800000| Complete 
| 297|0x0000000092900000, 0x0000000092a00000, 0x0000000092a00000|100%|HC|  |TAMS 0x0000000092900000| PB 0x0000000092900000| Complete 
| 298|0x0000000092a00000, 0x0000000092b00000, 0x0000000092b00000|100%|HC|  |TAMS 0x0000000092a00000| PB 0x0000000092a00000| Complete 
| 299|0x0000000092b00000, 0x0000000092c00000, 0x0000000092c00000|100%|HC|  |TAMS 0x0000000092b00000| PB 0x0000000092b00000| Complete 
| 300|0x0000000092c00000, 0x0000000092d00000, 0x0000000092d00000|100%|HC|  |TAMS 0x0000000092c00000| PB 0x0000000092c00000| Complete 
| 301|0x0000000092d00000, 0x0000000092e00000, 0x0000000092e00000|100%|HC|  |TAMS 0x0000000092d00000| PB 0x0000000092d00000| Complete 
| 302|0x0000000092e00000, 0x0000000092f00000, 0x0000000092f00000|100%|HC|  |TAMS 0x0000000092e00000| PB 0x0000000092e00000| Complete 
| 303|0x0000000092f00000, 0x0000000093000000, 0x0000000093000000|100%|HC|  |TAMS 0x0000000092f00000| PB 0x0000000092f00000| Complete 
| 304|0x0000000093000000, 0x0000000093100000, 0x0000000093100000|100%|HC|  |TAMS 0x0000000093000000| PB 0x0000000093000000| Complete 
| 305|0x0000000093100000, 0x0000000093200000, 0x0000000093200000|100%|HC|  |TAMS 0x0000000093100000| PB 0x0000000093100000| Complete 
| 306|0x0000000093200000, 0x0000000093300000, 0x0000000093300000|100%|HC|  |TAMS 0x0000000093200000| PB 0x0000000093200000| Complete 
| 307|0x0000000093300000, 0x0000000093400000, 0x0000000093400000|100%|HC|  |TAMS 0x0000000093300000| PB 0x0000000093300000| Complete 
| 308|0x0000000093400000, 0x0000000093500000, 0x0000000093500000|100%|HS|  |TAMS 0x0000000093400000| PB 0x0000000093400000| Complete 
| 309|0x0000000093500000, 0x0000000093600000, 0x0000000093600000|100%|HC|  |TAMS 0x0000000093500000| PB 0x0000000093500000| Complete 
| 310|0x0000000093600000, 0x0000000093700000, 0x0000000093700000|100%|HC|  |TAMS 0x0000000093600000| PB 0x0000000093600000| Complete 
| 311|0x0000000093700000, 0x0000000093800000, 0x0000000093800000|100%|HC|  |TAMS 0x0000000093700000| PB 0x0000000093700000| Complete 
| 312|0x0000000093800000, 0x0000000093900000, 0x0000000093900000|100%|HC|  |TAMS 0x0000000093800000| PB 0x0000000093800000| Complete 
| 313|0x0000000093900000, 0x0000000093a00000, 0x0000000093a00000|100%|HC|  |TAMS 0x0000000093900000| PB 0x0000000093900000| Complete 
| 314|0x0000000093a00000, 0x0000000093b00000, 0x0000000093b00000|100%|HC|  |TAMS 0x0000000093a00000| PB 0x0000000093a00000| Complete 
| 315|0x0000000093b00000, 0x0000000093c00000, 0x0000000093c00000|100%|HC|  |TAMS 0x0000000093b00000| PB 0x0000000093b00000| Complete 
| 316|0x0000000093c00000, 0x0000000093d00000, 0x0000000093d00000|100%|HC|  |TAMS 0x0000000093c00000| PB 0x0000000093c00000| Complete 
| 317|0x0000000093d00000, 0x0000000093e00000, 0x0000000093e00000|100%|HC|  |TAMS 0x0000000093d00000| PB 0x0000000093d00000| Complete 
| 318|0x0000000093e00000, 0x0000000093f00000, 0x0000000093f00000|100%|HC|  |TAMS 0x0000000093e00000| PB 0x0000000093e00000| Complete 
| 319|0x0000000093f00000, 0x0000000094000000, 0x0000000094000000|100%|HS|  |TAMS 0x0000000093f00000| PB 0x0000000093f00000| Complete 
| 320|0x0000000094000000, 0x0000000094100000, 0x0000000094100000|100%|HC|  |TAMS 0x0000000094000000| PB 0x0000000094000000| Complete 
| 321|0x0000000094100000, 0x0000000094200000, 0x0000000094200000|100%|HC|  |TAMS 0x0000000094100000| PB 0x0000000094100000| Complete 
| 322|0x0000000094200000, 0x0000000094300000, 0x0000000094300000|100%|HC|  |TAMS 0x0000000094200000| PB 0x0000000094200000| Complete 
| 323|0x0000000094300000, 0x0000000094400000, 0x0000000094400000|100%|HC|  |TAMS 0x0000000094300000| PB 0x0000000094300000| Complete 
| 324|0x0000000094400000, 0x0000000094500000, 0x0000000094500000|100%|HC|  |TAMS 0x0000000094400000| PB 0x0000000094400000| Complete 
| 325|0x0000000094500000, 0x0000000094600000, 0x0000000094600000|100%|HS|  |TAMS 0x0000000094500000| PB 0x0000000094500000| Complete 
| 326|0x0000000094600000, 0x0000000094700000, 0x0000000094700000|100%|HC|  |TAMS 0x0000000094600000| PB 0x0000000094600000| Complete 
| 327|0x0000000094700000, 0x0000000094800000, 0x0000000094800000|100%|HC|  |TAMS 0x0000000094700000| PB 0x0000000094700000| Complete 
| 328|0x0000000094800000, 0x0000000094900000, 0x0000000094900000|100%|HC|  |TAMS 0x0000000094800000| PB 0x0000000094800000| Complete 
| 329|0x0000000094900000, 0x0000000094a00000, 0x0000000094a00000|100%|HC|  |TAMS 0x0000000094900000| PB 0x0000000094900000| Complete 
| 330|0x0000000094a00000, 0x0000000094b00000, 0x0000000094b00000|100%|HC|  |TAMS 0x0000000094a00000| PB 0x0000000094a00000| Complete 
| 331|0x0000000094b00000, 0x0000000094c00000, 0x0000000094c00000|100%|HC|  |TAMS 0x0000000094b00000| PB 0x0000000094b00000| Complete 
| 332|0x0000000094c00000, 0x0000000094d00000, 0x0000000094d00000|100%|HC|  |TAMS 0x0000000094c00000| PB 0x0000000094c00000| Complete 
| 333|0x0000000094d00000, 0x0000000094e00000, 0x0000000094e00000|100%|HC|  |TAMS 0x0000000094d00000| PB 0x0000000094d00000| Complete 
| 334|0x0000000094e00000, 0x0000000094f00000, 0x0000000094f00000|100%|HS|  |TAMS 0x0000000094e00000| PB 0x0000000094e00000| Complete 
| 335|0x0000000094f00000, 0x0000000095000000, 0x0000000095000000|100%|HC|  |TAMS 0x0000000094f00000| PB 0x0000000094f00000| Complete 
| 336|0x0000000095000000, 0x0000000095100000, 0x0000000095100000|100%|HS|  |TAMS 0x0000000095000000| PB 0x0000000095000000| Complete 
| 337|0x0000000095100000, 0x0000000095200000, 0x0000000095200000|100%|HC|  |TAMS 0x0000000095100000| PB 0x0000000095100000| Complete 
| 338|0x0000000095200000, 0x0000000095300000, 0x0000000095300000|100%|HS|  |TAMS 0x0000000095200000| PB 0x0000000095200000| Complete 
| 339|0x0000000095300000, 0x0000000095400000, 0x0000000095400000|100%|HC|  |TAMS 0x0000000095300000| PB 0x0000000095300000| Complete 
| 340|0x0000000095400000, 0x0000000095500000, 0x0000000095500000|100%|HS|  |TAMS 0x0000000095400000| PB 0x0000000095400000| Complete 
| 341|0x0000000095500000, 0x0000000095600000, 0x0000000095600000|100%|HC|  |TAMS 0x0000000095500000| PB 0x0000000095500000| Complete 
| 342|0x0000000095600000, 0x0000000095700000, 0x0000000095700000|100%|HS|  |TAMS 0x0000000095600000| PB 0x0000000095600000| Complete 
| 343|0x0000000095700000, 0x0000000095800000, 0x0000000095800000|100%|HC|  |TAMS 0x0000000095700000| PB 0x0000000095700000| Complete 
| 344|0x0000000095800000, 0x0000000095900000, 0x0000000095900000|100%|HS|  |TAMS 0x0000000095800000| PB 0x0000000095800000| Complete 
| 345|0x0000000095900000, 0x0000000095a00000, 0x0000000095a00000|100%|HC|  |TAMS 0x0000000095900000| PB 0x0000000095900000| Complete 
| 346|0x0000000095a00000, 0x0000000095b00000, 0x0000000095b00000|100%|HS|  |TAMS 0x0000000095a00000| PB 0x0000000095a00000| Complete 
| 347|0x0000000095b00000, 0x0000000095c00000, 0x0000000095c00000|100%|HC|  |TAMS 0x0000000095b00000| PB 0x0000000095b00000| Complete 
| 348|0x0000000095c00000, 0x0000000095d00000, 0x0000000095d00000|100%|HS|  |TAMS 0x0000000095c00000| PB 0x0000000095c00000| Complete 
| 349|0x0000000095d00000, 0x0000000095e00000, 0x0000000095e00000|100%|HC|  |TAMS 0x0000000095d00000| PB 0x0000000095d00000| Complete 
| 350|0x0000000095e00000, 0x0000000095f00000, 0x0000000095f00000|100%|HS|  |TAMS 0x0000000095e00000| PB 0x0000000095e00000| Complete 
| 351|0x0000000095f00000, 0x0000000096000000, 0x0000000096000000|100%|HC|  |TAMS 0x0000000095f00000| PB 0x0000000095f00000| Complete 
| 352|0x0000000096000000, 0x0000000096100000, 0x0000000096100000|100%|HS|  |TAMS 0x0000000096000000| PB 0x0000000096000000| Complete 
| 353|0x0000000096100000, 0x0000000096200000, 0x0000000096200000|100%|HC|  |TAMS 0x0000000096100000| PB 0x0000000096100000| Complete 
| 354|0x0000000096200000, 0x0000000096300000, 0x0000000096300000|100%|HS|  |TAMS 0x0000000096200000| PB 0x0000000096200000| Complete 
| 355|0x0000000096300000, 0x0000000096400000, 0x0000000096400000|100%|HC|  |TAMS 0x0000000096300000| PB 0x0000000096300000| Complete 
| 356|0x0000000096400000, 0x0000000096500000, 0x0000000096500000|100%|HS|  |TAMS 0x0000000096400000| PB 0x0000000096400000| Complete 
| 357|0x0000000096500000, 0x0000000096600000, 0x0000000096600000|100%|HC|  |TAMS 0x0000000096500000| PB 0x0000000096500000| Complete 
| 358|0x0000000096600000, 0x0000000096700000, 0x0000000096700000|100%|HS|  |TAMS 0x0000000096600000| PB 0x0000000096600000| Complete 
| 359|0x0000000096700000, 0x0000000096800000, 0x0000000096800000|100%|HC|  |TAMS 0x0000000096700000| PB 0x0000000096700000| Complete 
| 360|0x0000000096800000, 0x0000000096900000, 0x0000000096900000|100%|HS|  |TAMS 0x0000000096800000| PB 0x0000000096800000| Complete 
| 361|0x0000000096900000, 0x0000000096a00000, 0x0000000096a00000|100%|HC|  |TAMS 0x0000000096900000| PB 0x0000000096900000| Complete 
| 362|0x0000000096a00000, 0x0000000096b00000, 0x0000000096b00000|100%|HS|  |TAMS 0x0000000096a00000| PB 0x0000000096a00000| Complete 
| 363|0x0000000096b00000, 0x0000000096c00000, 0x0000000096c00000|100%|HC|  |TAMS 0x0000000096b00000| PB 0x0000000096b00000| Complete 
| 364|0x0000000096c00000, 0x0000000096d00000, 0x0000000096d00000|100%|HS|  |TAMS 0x0000000096c00000| PB 0x0000000096c00000| Complete 
| 365|0x0000000096d00000, 0x0000000096e00000, 0x0000000096e00000|100%|HC|  |TAMS 0x0000000096d00000| PB 0x0000000096d00000| Complete 
| 366|0x0000000096e00000, 0x0000000096f00000, 0x0000000096f00000|100%|HS|  |TAMS 0x0000000096e00000| PB 0x0000000096e00000| Complete 
| 367|0x0000000096f00000, 0x0000000097000000, 0x0000000097000000|100%|HC|  |TAMS 0x0000000096f00000| PB 0x0000000096f00000| Complete 
| 368|0x0000000097000000, 0x0000000097100000, 0x0000000097100000|100%|HS|  |TAMS 0x0000000097000000| PB 0x0000000097000000| Complete 
| 369|0x0000000097100000, 0x0000000097200000, 0x0000000097200000|100%|HC|  |TAMS 0x0000000097100000| PB 0x0000000097100000| Complete 
| 370|0x0000000097200000, 0x0000000097300000, 0x0000000097300000|100%|HS|  |TAMS 0x0000000097200000| PB 0x0000000097200000| Complete 
| 371|0x0000000097300000, 0x0000000097400000, 0x0000000097400000|100%|HC|  |TAMS 0x0000000097300000| PB 0x0000000097300000| Complete 
| 372|0x0000000097400000, 0x0000000097500000, 0x0000000097500000|100%|HS|  |TAMS 0x0000000097400000| PB 0x0000000097400000| Complete 
| 373|0x0000000097500000, 0x0000000097600000, 0x0000000097600000|100%|HC|  |TAMS 0x0000000097500000| PB 0x0000000097500000| Complete 
| 374|0x0000000097600000, 0x0000000097700000, 0x0000000097700000|100%|HS|  |TAMS 0x0000000097600000| PB 0x0000000097600000| Complete 
| 375|0x0000000097700000, 0x0000000097800000, 0x0000000097800000|100%|HC|  |TAMS 0x0000000097700000| PB 0x0000000097700000| Complete 
| 376|0x0000000097800000, 0x0000000097900000, 0x0000000097900000|100%|HS|  |TAMS 0x0000000097800000| PB 0x0000000097800000| Complete 
| 377|0x0000000097900000, 0x0000000097a00000, 0x0000000097a00000|100%|HC|  |TAMS 0x0000000097900000| PB 0x0000000097900000| Complete 
| 378|0x0000000097a00000, 0x0000000097b00000, 0x0000000097b00000|100%|HS|  |TAMS 0x0000000097a00000| PB 0x0000000097a00000| Complete 
| 379|0x0000000097b00000, 0x0000000097c00000, 0x0000000097c00000|100%|HC|  |TAMS 0x0000000097b00000| PB 0x0000000097b00000| Complete 
| 380|0x0000000097c00000, 0x0000000097d00000, 0x0000000097d00000|100%|HS|  |TAMS 0x0000000097c00000| PB 0x0000000097c00000| Complete 
| 381|0x0000000097d00000, 0x0000000097e00000, 0x0000000097e00000|100%|HC|  |TAMS 0x0000000097d00000| PB 0x0000000097d00000| Complete 
| 382|0x0000000097e00000, 0x0000000097f00000, 0x0000000097f00000|100%|HS|  |TAMS 0x0000000097e00000| PB 0x0000000097e00000| Complete 
| 383|0x0000000097f00000, 0x0000000098000000, 0x0000000098000000|100%|HC|  |TAMS 0x0000000097f00000| PB 0x0000000097f00000| Complete 
| 384|0x0000000098000000, 0x0000000098100000, 0x0000000098100000|100%|HS|  |TAMS 0x0000000098000000| PB 0x0000000098000000| Complete 
| 385|0x0000000098100000, 0x0000000098200000, 0x0000000098200000|100%|HC|  |TAMS 0x0000000098100000| PB 0x0000000098100000| Complete 
| 386|0x0000000098200000, 0x0000000098300000, 0x0000000098300000|100%|HS|  |TAMS 0x0000000098200000| PB 0x0000000098200000| Complete 
| 387|0x0000000098300000, 0x0000000098400000, 0x0000000098400000|100%|HC|  |TAMS 0x0000000098300000| PB 0x0000000098300000| Complete 
| 388|0x0000000098400000, 0x0000000098500000, 0x0000000098500000|100%|HS|  |TAMS 0x0000000098400000| PB 0x0000000098400000| Complete 
| 389|0x0000000098500000, 0x0000000098600000, 0x0000000098600000|100%|HC|  |TAMS 0x0000000098500000| PB 0x0000000098500000| Complete 
| 390|0x0000000098600000, 0x0000000098700000, 0x0000000098700000|100%|HS|  |TAMS 0x0000000098600000| PB 0x0000000098600000| Complete 
| 391|0x0000000098700000, 0x0000000098800000, 0x0000000098800000|100%|HC|  |TAMS 0x0000000098700000| PB 0x0000000098700000| Complete 
| 392|0x0000000098800000, 0x0000000098900000, 0x0000000098900000|100%|HS|  |TAMS 0x0000000098800000| PB 0x0000000098800000| Complete 
| 393|0x0000000098900000, 0x0000000098a00000, 0x0000000098a00000|100%|HC|  |TAMS 0x0000000098900000| PB 0x0000000098900000| Complete 
| 394|0x0000000098a00000, 0x0000000098b00000, 0x0000000098b00000|100%|HS|  |TAMS 0x0000000098a00000| PB 0x0000000098a00000| Complete 
| 395|0x0000000098b00000, 0x0000000098c00000, 0x0000000098c00000|100%|HC|  |TAMS 0x0000000098b00000| PB 0x0000000098b00000| Complete 
| 396|0x0000000098c00000, 0x0000000098d00000, 0x0000000098d00000|100%|HS|  |TAMS 0x0000000098c00000| PB 0x0000000098c00000| Complete 
| 397|0x0000000098d00000, 0x0000000098e00000, 0x0000000098e00000|100%|HC|  |TAMS 0x0000000098d00000| PB 0x0000000098d00000| Complete 
| 398|0x0000000098e00000, 0x0000000098f00000, 0x0000000098f00000|100%|HS|  |TAMS 0x0000000098e00000| PB 0x0000000098e00000| Complete 
| 399|0x0000000098f00000, 0x0000000099000000, 0x0000000099000000|100%|HC|  |TAMS 0x0000000098f00000| PB 0x0000000098f00000| Complete 
| 400|0x0000000099000000, 0x0000000099100000, 0x0000000099100000|100%|HS|  |TAMS 0x0000000099000000| PB 0x0000000099000000| Complete 
| 401|0x0000000099100000, 0x0000000099200000, 0x0000000099200000|100%|HC|  |TAMS 0x0000000099100000| PB 0x0000000099100000| Complete 
| 402|0x0000000099200000, 0x0000000099300000, 0x0000000099300000|100%|HS|  |TAMS 0x0000000099200000| PB 0x0000000099200000| Complete 
| 403|0x0000000099300000, 0x0000000099400000, 0x0000000099400000|100%|HC|  |TAMS 0x0000000099300000| PB 0x0000000099300000| Complete 
| 404|0x0000000099400000, 0x0000000099500000, 0x0000000099500000|100%|HS|  |TAMS 0x0000000099400000| PB 0x0000000099400000| Complete 
| 405|0x0000000099500000, 0x0000000099600000, 0x0000000099600000|100%|HC|  |TAMS 0x0000000099500000| PB 0x0000000099500000| Complete 
| 406|0x0000000099600000, 0x0000000099700000, 0x0000000099700000|100%|HS|  |TAMS 0x0000000099600000| PB 0x0000000099600000| Complete 
| 407|0x0000000099700000, 0x0000000099800000, 0x0000000099800000|100%|HC|  |TAMS 0x0000000099700000| PB 0x0000000099700000| Complete 
| 408|0x0000000099800000, 0x0000000099900000, 0x0000000099900000|100%|HS|  |TAMS 0x0000000099800000| PB 0x0000000099800000| Complete 
| 409|0x0000000099900000, 0x0000000099a00000, 0x0000000099a00000|100%|HC|  |TAMS 0x0000000099900000| PB 0x0000000099900000| Complete 
| 410|0x0000000099a00000, 0x0000000099b00000, 0x0000000099b00000|100%|HS|  |TAMS 0x0000000099a00000| PB 0x0000000099a00000| Complete 
| 411|0x0000000099b00000, 0x0000000099c00000, 0x0000000099c00000|100%|HC|  |TAMS 0x0000000099b00000| PB 0x0000000099b00000| Complete 
| 412|0x0000000099c00000, 0x0000000099d00000, 0x0000000099d00000|100%|HS|  |TAMS 0x0000000099c00000| PB 0x0000000099c00000| Complete 
| 413|0x0000000099d00000, 0x0000000099e00000, 0x0000000099e00000|100%|HC|  |TAMS 0x0000000099d00000| PB 0x0000000099d00000| Complete 
| 414|0x0000000099e00000, 0x0000000099f00000, 0x0000000099f00000|100%|HS|  |TAMS 0x0000000099e00000| PB 0x0000000099e00000| Complete 
| 415|0x0000000099f00000, 0x000000009a000000, 0x000000009a000000|100%|HC|  |TAMS 0x0000000099f00000| PB 0x0000000099f00000| Complete 
| 416|0x000000009a000000, 0x000000009a100000, 0x000000009a100000|100%|HS|  |TAMS 0x000000009a000000| PB 0x000000009a000000| Complete 
| 417|0x000000009a100000, 0x000000009a200000, 0x000000009a200000|100%|HC|  |TAMS 0x000000009a100000| PB 0x000000009a100000| Complete 
| 418|0x000000009a200000, 0x000000009a300000, 0x000000009a300000|100%|HS|  |TAMS 0x000000009a200000| PB 0x000000009a200000| Complete 
| 419|0x000000009a300000, 0x000000009a400000, 0x000000009a400000|100%|HC|  |TAMS 0x000000009a300000| PB 0x000000009a300000| Complete 
| 420|0x000000009a400000, 0x000000009a500000, 0x000000009a500000|100%|HS|  |TAMS 0x000000009a400000| PB 0x000000009a400000| Complete 
| 421|0x000000009a500000, 0x000000009a600000, 0x000000009a600000|100%|HC|  |TAMS 0x000000009a500000| PB 0x000000009a500000| Complete 
| 422|0x000000009a600000, 0x000000009a700000, 0x000000009a700000|100%|HS|  |TAMS 0x000000009a600000| PB 0x000000009a600000| Complete 
| 423|0x000000009a700000, 0x000000009a800000, 0x000000009a800000|100%|HC|  |TAMS 0x000000009a700000| PB 0x000000009a700000| Complete 
| 424|0x000000009a800000, 0x000000009a900000, 0x000000009a900000|100%|HS|  |TAMS 0x000000009a800000| PB 0x000000009a800000| Complete 
| 425|0x000000009a900000, 0x000000009aa00000, 0x000000009aa00000|100%|HC|  |TAMS 0x000000009a900000| PB 0x000000009a900000| Complete 
| 426|0x000000009aa00000, 0x000000009ab00000, 0x000000009ab00000|100%|HS|  |TAMS 0x000000009aa00000| PB 0x000000009aa00000| Complete 
| 427|0x000000009ab00000, 0x000000009ac00000, 0x000000009ac00000|100%|HC|  |TAMS 0x000000009ab00000| PB 0x000000009ab00000| Complete 
| 428|0x000000009ac00000, 0x000000009ad00000, 0x000000009ad00000|100%|HS|  |TAMS 0x000000009ac00000| PB 0x000000009ac00000| Complete 
| 429|0x000000009ad00000, 0x000000009ae00000, 0x000000009ae00000|100%|HC|  |TAMS 0x000000009ad00000| PB 0x000000009ad00000| Complete 
| 430|0x000000009ae00000, 0x000000009af00000, 0x000000009af00000|100%|HS|  |TAMS 0x000000009ae00000| PB 0x000000009ae00000| Complete 
| 431|0x000000009af00000, 0x000000009b000000, 0x000000009b000000|100%|HC|  |TAMS 0x000000009af00000| PB 0x000000009af00000| Complete 
| 432|0x000000009b000000, 0x000000009b100000, 0x000000009b100000|100%|HS|  |TAMS 0x000000009b000000| PB 0x000000009b000000| Complete 
| 433|0x000000009b100000, 0x000000009b200000, 0x000000009b200000|100%|HC|  |TAMS 0x000000009b100000| PB 0x000000009b100000| Complete 
| 434|0x000000009b200000, 0x000000009b300000, 0x000000009b300000|100%|HS|  |TAMS 0x000000009b200000| PB 0x000000009b200000| Complete 
| 435|0x000000009b300000, 0x000000009b400000, 0x000000009b400000|100%|HC|  |TAMS 0x000000009b300000| PB 0x000000009b300000| Complete 
| 436|0x000000009b400000, 0x000000009b500000, 0x000000009b500000|100%|HS|  |TAMS 0x000000009b400000| PB 0x000000009b400000| Complete 
| 437|0x000000009b500000, 0x000000009b600000, 0x000000009b600000|100%|HC|  |TAMS 0x000000009b500000| PB 0x000000009b500000| Complete 
| 438|0x000000009b600000, 0x000000009b700000, 0x000000009b700000|100%|HS|  |TAMS 0x000000009b600000| PB 0x000000009b600000| Complete 
| 439|0x000000009b700000, 0x000000009b800000, 0x000000009b800000|100%|HC|  |TAMS 0x000000009b700000| PB 0x000000009b700000| Complete 
| 440|0x000000009b800000, 0x000000009b900000, 0x000000009b900000|100%|HS|  |TAMS 0x000000009b800000| PB 0x000000009b800000| Complete 
| 441|0x000000009b900000, 0x000000009ba00000, 0x000000009ba00000|100%|HC|  |TAMS 0x000000009b900000| PB 0x000000009b900000| Complete 
| 442|0x000000009ba00000, 0x000000009bb00000, 0x000000009bb00000|100%|HS|  |TAMS 0x000000009ba00000| PB 0x000000009ba00000| Complete 
| 443|0x000000009bb00000, 0x000000009bc00000, 0x000000009bc00000|100%|HC|  |TAMS 0x000000009bb00000| PB 0x000000009bb00000| Complete 
| 444|0x000000009bc00000, 0x000000009bd00000, 0x000000009bd00000|100%|HS|  |TAMS 0x000000009bc00000| PB 0x000000009bc00000| Complete 
| 445|0x000000009bd00000, 0x000000009be00000, 0x000000009be00000|100%|HC|  |TAMS 0x000000009bd00000| PB 0x000000009bd00000| Complete 
| 446|0x000000009be00000, 0x000000009bf00000, 0x000000009bf00000|100%|HS|  |TAMS 0x000000009be00000| PB 0x000000009be00000| Complete 
| 447|0x000000009bf00000, 0x000000009c000000, 0x000000009c000000|100%|HC|  |TAMS 0x000000009bf00000| PB 0x000000009bf00000| Complete 
| 448|0x000000009c000000, 0x000000009c100000, 0x000000009c100000|100%|HS|  |TAMS 0x000000009c000000| PB 0x000000009c000000| Complete 
| 449|0x000000009c100000, 0x000000009c200000, 0x000000009c200000|100%|HC|  |TAMS 0x000000009c100000| PB 0x000000009c100000| Complete 
| 450|0x000000009c200000, 0x000000009c300000, 0x000000009c300000|100%|HS|  |TAMS 0x000000009c200000| PB 0x000000009c200000| Complete 
| 451|0x000000009c300000, 0x000000009c400000, 0x000000009c400000|100%|HC|  |TAMS 0x000000009c300000| PB 0x000000009c300000| Complete 
| 452|0x000000009c400000, 0x000000009c500000, 0x000000009c500000|100%|HS|  |TAMS 0x000000009c400000| PB 0x000000009c400000| Complete 
| 453|0x000000009c500000, 0x000000009c600000, 0x000000009c600000|100%|HC|  |TAMS 0x000000009c500000| PB 0x000000009c500000| Complete 
| 454|0x000000009c600000, 0x000000009c700000, 0x000000009c700000|100%|HS|  |TAMS 0x000000009c600000| PB 0x000000009c600000| Complete 
| 455|0x000000009c700000, 0x000000009c800000, 0x000000009c800000|100%|HC|  |TAMS 0x000000009c700000| PB 0x000000009c700000| Complete 
| 456|0x000000009c800000, 0x000000009c900000, 0x000000009c900000|100%|HS|  |TAMS 0x000000009c800000| PB 0x000000009c800000| Complete 
| 457|0x000000009c900000, 0x000000009ca00000, 0x000000009ca00000|100%|HC|  |TAMS 0x000000009c900000| PB 0x000000009c900000| Complete 
| 458|0x000000009ca00000, 0x000000009cb00000, 0x000000009cb00000|100%|HS|  |TAMS 0x000000009ca00000| PB 0x000000009ca00000| Complete 
| 459|0x000000009cb00000, 0x000000009cc00000, 0x000000009cc00000|100%|HC|  |TAMS 0x000000009cb00000| PB 0x000000009cb00000| Complete 
| 460|0x000000009cc00000, 0x000000009cd00000, 0x000000009cd00000|100%|HS|  |TAMS 0x000000009cc00000| PB 0x000000009cc00000| Complete 
| 461|0x000000009cd00000, 0x000000009ce00000, 0x000000009ce00000|100%|HC|  |TAMS 0x000000009cd00000| PB 0x000000009cd00000| Complete 
| 462|0x000000009ce00000, 0x000000009cf00000, 0x000000009cf00000|100%|HS|  |TAMS 0x000000009ce00000| PB 0x000000009ce00000| Complete 
| 463|0x000000009cf00000, 0x000000009d000000, 0x000000009d000000|100%|HC|  |TAMS 0x000000009cf00000| PB 0x000000009cf00000| Complete 
| 464|0x000000009d000000, 0x000000009d100000, 0x000000009d100000|100%|HS|  |TAMS 0x000000009d000000| PB 0x000000009d000000| Complete 
| 465|0x000000009d100000, 0x000000009d200000, 0x000000009d200000|100%|HC|  |TAMS 0x000000009d100000| PB 0x000000009d100000| Complete 
| 466|0x000000009d200000, 0x000000009d300000, 0x000000009d300000|100%|HS|  |TAMS 0x000000009d200000| PB 0x000000009d200000| Complete 
| 467|0x000000009d300000, 0x000000009d400000, 0x000000009d400000|100%|HC|  |TAMS 0x000000009d300000| PB 0x000000009d300000| Complete 
| 468|0x000000009d400000, 0x000000009d500000, 0x000000009d500000|100%|HS|  |TAMS 0x000000009d400000| PB 0x000000009d400000| Complete 
| 469|0x000000009d500000, 0x000000009d600000, 0x000000009d600000|100%|HC|  |TAMS 0x000000009d500000| PB 0x000000009d500000| Complete 
| 470|0x000000009d600000, 0x000000009d700000, 0x000000009d700000|100%|HS|  |TAMS 0x000000009d600000| PB 0x000000009d600000| Complete 
| 471|0x000000009d700000, 0x000000009d800000, 0x000000009d800000|100%|HC|  |TAMS 0x000000009d700000| PB 0x000000009d700000| Complete 
| 472|0x000000009d800000, 0x000000009d900000, 0x000000009d900000|100%|HS|  |TAMS 0x000000009d800000| PB 0x000000009d800000| Complete 
| 473|0x000000009d900000, 0x000000009da00000, 0x000000009da00000|100%|HC|  |TAMS 0x000000009d900000| PB 0x000000009d900000| Complete 
| 474|0x000000009da00000, 0x000000009db00000, 0x000000009db00000|100%|HS|  |TAMS 0x000000009da00000| PB 0x000000009da00000| Complete 
| 475|0x000000009db00000, 0x000000009dc00000, 0x000000009dc00000|100%|HC|  |TAMS 0x000000009db00000| PB 0x000000009db00000| Complete 
| 476|0x000000009dc00000, 0x000000009dd00000, 0x000000009dd00000|100%|HS|  |TAMS 0x000000009dc00000| PB 0x000000009dc00000| Complete 
| 477|0x000000009dd00000, 0x000000009de00000, 0x000000009de00000|100%|HC|  |TAMS 0x000000009dd00000| PB 0x000000009dd00000| Complete 
| 478|0x000000009de00000, 0x000000009df00000, 0x000000009df00000|100%|HS|  |TAMS 0x000000009de00000| PB 0x000000009de00000| Complete 
| 479|0x000000009df00000, 0x000000009e000000, 0x000000009e000000|100%|HC|  |TAMS 0x000000009df00000| PB 0x000000009df00000| Complete 
| 480|0x000000009e000000, 0x000000009e100000, 0x000000009e100000|100%|HS|  |TAMS 0x000000009e000000| PB 0x000000009e000000| Complete 
| 481|0x000000009e100000, 0x000000009e200000, 0x000000009e200000|100%|HC|  |TAMS 0x000000009e100000| PB 0x000000009e100000| Complete 
| 482|0x000000009e200000, 0x000000009e300000, 0x000000009e300000|100%|HS|  |TAMS 0x000000009e200000| PB 0x000000009e200000| Complete 
| 483|0x000000009e300000, 0x000000009e400000, 0x000000009e400000|100%|HC|  |TAMS 0x000000009e300000| PB 0x000000009e300000| Complete 
| 484|0x000000009e400000, 0x000000009e500000, 0x000000009e500000|100%|HS|  |TAMS 0x000000009e400000| PB 0x000000009e400000| Complete 
| 485|0x000000009e500000, 0x000000009e600000, 0x000000009e600000|100%|HC|  |TAMS 0x000000009e500000| PB 0x000000009e500000| Complete 
| 486|0x000000009e600000, 0x000000009e700000, 0x000000009e700000|100%|HS|  |TAMS 0x000000009e600000| PB 0x000000009e600000| Complete 
| 487|0x000000009e700000, 0x000000009e800000, 0x000000009e800000|100%|HC|  |TAMS 0x000000009e700000| PB 0x000000009e700000| Complete 
| 488|0x000000009e800000, 0x000000009e900000, 0x000000009e900000|100%|HS|  |TAMS 0x000000009e800000| PB 0x000000009e800000| Complete 
| 489|0x000000009e900000, 0x000000009ea00000, 0x000000009ea00000|100%|HC|  |TAMS 0x000000009e900000| PB 0x000000009e900000| Complete 
| 490|0x000000009ea00000, 0x000000009eb00000, 0x000000009eb00000|100%|HS|  |TAMS 0x000000009ea00000| PB 0x000000009ea00000| Complete 
| 491|0x000000009eb00000, 0x000000009ec00000, 0x000000009ec00000|100%|HC|  |TAMS 0x000000009eb00000| PB 0x000000009eb00000| Complete 
| 492|0x000000009ec00000, 0x000000009ed00000, 0x000000009ed00000|100%|HS|  |TAMS 0x000000009ec00000| PB 0x000000009ec00000| Complete 
| 493|0x000000009ed00000, 0x000000009ee00000, 0x000000009ee00000|100%|HC|  |TAMS 0x000000009ed00000| PB 0x000000009ed00000| Complete 
| 494|0x000000009ee00000, 0x000000009ef00000, 0x000000009ef00000|100%|HS|  |TAMS 0x000000009ee00000| PB 0x000000009ee00000| Complete 
| 495|0x000000009ef00000, 0x000000009f000000, 0x000000009f000000|100%|HC|  |TAMS 0x000000009ef00000| PB 0x000000009ef00000| Complete 
| 496|0x000000009f000000, 0x000000009f100000, 0x000000009f100000|100%|HS|  |TAMS 0x000000009f000000| PB 0x000000009f000000| Complete 
| 497|0x000000009f100000, 0x000000009f200000, 0x000000009f200000|100%|HC|  |TAMS 0x000000009f100000| PB 0x000000009f100000| Complete 
| 498|0x000000009f200000, 0x000000009f300000, 0x000000009f300000|100%|HS|  |TAMS 0x000000009f200000| PB 0x000000009f200000| Complete 
| 499|0x000000009f300000, 0x000000009f400000, 0x000000009f400000|100%|HC|  |TAMS 0x000000009f300000| PB 0x000000009f300000| Complete 
| 500|0x000000009f400000, 0x000000009f500000, 0x000000009f500000|100%|HS|  |TAMS 0x000000009f400000| PB 0x000000009f400000| Complete 
| 501|0x000000009f500000, 0x000000009f600000, 0x000000009f600000|100%|HC|  |TAMS 0x000000009f500000| PB 0x000000009f500000| Complete 
| 502|0x000000009f600000, 0x000000009f700000, 0x000000009f700000|100%|HS|  |TAMS 0x000000009f600000| PB 0x000000009f600000| Complete 
| 503|0x000000009f700000, 0x000000009f800000, 0x000000009f800000|100%|HC|  |TAMS 0x000000009f700000| PB 0x000000009f700000| Complete 
| 504|0x000000009f800000, 0x000000009f900000, 0x000000009f900000|100%|HS|  |TAMS 0x000000009f800000| PB 0x000000009f800000| Complete 
| 505|0x000000009f900000, 0x000000009fa00000, 0x000000009fa00000|100%|HC|  |TAMS 0x000000009f900000| PB 0x000000009f900000| Complete 
| 506|0x000000009fa00000, 0x000000009fb00000, 0x000000009fb00000|100%|HS|  |TAMS 0x000000009fa00000| PB 0x000000009fa00000| Complete 
| 507|0x000000009fb00000, 0x000000009fc00000, 0x000000009fc00000|100%|HC|  |TAMS 0x000000009fb00000| PB 0x000000009fb00000| Complete 
| 508|0x000000009fc00000, 0x000000009fd00000, 0x000000009fd00000|100%|HS|  |TAMS 0x000000009fc00000| PB 0x000000009fc00000| Complete 
| 509|0x000000009fd00000, 0x000000009fe00000, 0x000000009fe00000|100%|HC|  |TAMS 0x000000009fd00000| PB 0x000000009fd00000| Complete 
| 510|0x000000009fe00000, 0x000000009ff00000, 0x000000009ff00000|100%|HS|  |TAMS 0x000000009fe00000| PB 0x000000009fe00000| Complete 
| 511|0x000000009ff00000, 0x00000000a0000000, 0x00000000a0000000|100%|HC|  |TAMS 0x000000009ff00000| PB 0x000000009ff00000| Complete 
| 512|0x00000000a0000000, 0x00000000a0100000, 0x00000000a0100000|100%|HS|  |TAMS 0x00000000a0000000| PB 0x00000000a0000000| Complete 
| 513|0x00000000a0100000, 0x00000000a0200000, 0x00000000a0200000|100%|HC|  |TAMS 0x00000000a0100000| PB 0x00000000a0100000| Complete 
| 514|0x00000000a0200000, 0x00000000a0300000, 0x00000000a0300000|100%|HS|  |TAMS 0x00000000a0200000| PB 0x00000000a0200000| Complete 
| 515|0x00000000a0300000, 0x00000000a0400000, 0x00000000a0400000|100%|HC|  |TAMS 0x00000000a0300000| PB 0x00000000a0300000| Complete 
| 516|0x00000000a0400000, 0x00000000a0500000, 0x00000000a0500000|100%|HS|  |TAMS 0x00000000a0400000| PB 0x00000000a0400000| Complete 
| 517|0x00000000a0500000, 0x00000000a0600000, 0x00000000a0600000|100%|HC|  |TAMS 0x00000000a0500000| PB 0x00000000a0500000| Complete 
| 518|0x00000000a0600000, 0x00000000a0700000, 0x00000000a0700000|100%|HS|  |TAMS 0x00000000a0600000| PB 0x00000000a0600000| Complete 
| 519|0x00000000a0700000, 0x00000000a0800000, 0x00000000a0800000|100%|HC|  |TAMS 0x00000000a0700000| PB 0x00000000a0700000| Complete 
| 520|0x00000000a0800000, 0x00000000a0900000, 0x00000000a0900000|100%|HS|  |TAMS 0x00000000a0800000| PB 0x00000000a0800000| Complete 
| 521|0x00000000a0900000, 0x00000000a0a00000, 0x00000000a0a00000|100%|HC|  |TAMS 0x00000000a0900000| PB 0x00000000a0900000| Complete 
| 522|0x00000000a0a00000, 0x00000000a0b00000, 0x00000000a0b00000|100%|HS|  |TAMS 0x00000000a0a00000| PB 0x00000000a0a00000| Complete 
| 523|0x00000000a0b00000, 0x00000000a0c00000, 0x00000000a0c00000|100%|HC|  |TAMS 0x00000000a0b00000| PB 0x00000000a0b00000| Complete 
| 524|0x00000000a0c00000, 0x00000000a0d00000, 0x00000000a0d00000|100%|HS|  |TAMS 0x00000000a0c00000| PB 0x00000000a0c00000| Complete 
| 525|0x00000000a0d00000, 0x00000000a0e00000, 0x00000000a0e00000|100%|HC|  |TAMS 0x00000000a0d00000| PB 0x00000000a0d00000| Complete 
| 526|0x00000000a0e00000, 0x00000000a0f00000, 0x00000000a0f00000|100%|HS|  |TAMS 0x00000000a0e00000| PB 0x00000000a0e00000| Complete 
| 527|0x00000000a0f00000, 0x00000000a1000000, 0x00000000a1000000|100%|HC|  |TAMS 0x00000000a0f00000| PB 0x00000000a0f00000| Complete 
| 528|0x00000000a1000000, 0x00000000a1100000, 0x00000000a1100000|100%|HS|  |TAMS 0x00000000a1000000| PB 0x00000000a1000000| Complete 
| 529|0x00000000a1100000, 0x00000000a1200000, 0x00000000a1200000|100%|HC|  |TAMS 0x00000000a1100000| PB 0x00000000a1100000| Complete 
| 530|0x00000000a1200000, 0x00000000a1300000, 0x00000000a1300000|100%|HS|  |TAMS 0x00000000a1200000| PB 0x00000000a1200000| Complete 
| 531|0x00000000a1300000, 0x00000000a1400000, 0x00000000a1400000|100%|HC|  |TAMS 0x00000000a1300000| PB 0x00000000a1300000| Complete 
| 532|0x00000000a1400000, 0x00000000a1500000, 0x00000000a1500000|100%|HS|  |TAMS 0x00000000a1400000| PB 0x00000000a1400000| Complete 
| 533|0x00000000a1500000, 0x00000000a1600000, 0x00000000a1600000|100%|HC|  |TAMS 0x00000000a1500000| PB 0x00000000a1500000| Complete 
| 534|0x00000000a1600000, 0x00000000a1700000, 0x00000000a1700000|100%|HS|  |TAMS 0x00000000a1600000| PB 0x00000000a1600000| Complete 
| 535|0x00000000a1700000, 0x00000000a1700000, 0x00000000a1800000|  0%| F|  |TAMS 0x00000000a1700000| PB 0x00000000a1700000| Untracked 
| 536|0x00000000a1800000, 0x00000000a1800000, 0x00000000a1900000|  0%| F|  |TAMS 0x00000000a1800000| PB 0x00000000a1800000| Untracked 
| 537|0x00000000a1900000, 0x00000000a1900000, 0x00000000a1a00000|  0%| F|  |TAMS 0x00000000a1900000| PB 0x00000000a1900000| Untracked 
| 538|0x00000000a1a00000, 0x00000000a1a00000, 0x00000000a1b00000|  0%| F|  |TAMS 0x00000000a1a00000| PB 0x00000000a1a00000| Untracked 
| 539|0x00000000a1b00000, 0x00000000a1b00000, 0x00000000a1c00000|  0%| F|  |TAMS 0x00000000a1b00000| PB 0x00000000a1b00000| Untracked 
| 540|0x00000000a1c00000, 0x00000000a1c00000, 0x00000000a1d00000|  0%| F|  |TAMS 0x00000000a1c00000| PB 0x00000000a1c00000| Untracked 
| 541|0x00000000a1d00000, 0x00000000a1d00000, 0x00000000a1e00000|  0%| F|  |TAMS 0x00000000a1d00000| PB 0x00000000a1d00000| Untracked 
| 542|0x00000000a1e00000, 0x00000000a1e00000, 0x00000000a1f00000|  0%| F|  |TAMS 0x00000000a1e00000| PB 0x00000000a1e00000| Untracked 
| 543|0x00000000a1f00000, 0x00000000a1f00000, 0x00000000a2000000|  0%| F|  |TAMS 0x00000000a1f00000| PB 0x00000000a1f00000| Untracked 
| 544|0x00000000a2000000, 0x00000000a2000000, 0x00000000a2100000|  0%| F|  |TAMS 0x00000000a2000000| PB 0x00000000a2000000| Untracked 
| 545|0x00000000a2100000, 0x00000000a2100000, 0x00000000a2200000|  0%| F|  |TAMS 0x00000000a2100000| PB 0x00000000a2100000| Untracked 
| 546|0x00000000a2200000, 0x00000000a2200000, 0x00000000a2300000|  0%| F|  |TAMS 0x00000000a2200000| PB 0x00000000a2200000| Untracked 
| 547|0x00000000a2300000, 0x00000000a2300000, 0x00000000a2400000|  0%| F|  |TAMS 0x00000000a2300000| PB 0x00000000a2300000| Untracked 
| 548|0x00000000a2400000, 0x00000000a2400000, 0x00000000a2500000|  0%| F|  |TAMS 0x00000000a2400000| PB 0x00000000a2400000| Untracked 
| 549|0x00000000a2500000, 0x00000000a2500000, 0x00000000a2600000|  0%| F|  |TAMS 0x00000000a2500000| PB 0x00000000a2500000| Untracked 
| 550|0x00000000a2600000, 0x00000000a2600000, 0x00000000a2700000|  0%| F|  |TAMS 0x00000000a2600000| PB 0x00000000a2600000| Untracked 
| 551|0x00000000a2700000, 0x00000000a2700000, 0x00000000a2800000|  0%| F|  |TAMS 0x00000000a2700000| PB 0x00000000a2700000| Untracked 
| 552|0x00000000a2800000, 0x00000000a2800000, 0x00000000a2900000|  0%| F|  |TAMS 0x00000000a2800000| PB 0x00000000a2800000| Untracked 
| 553|0x00000000a2900000, 0x00000000a2900000, 0x00000000a2a00000|  0%| F|  |TAMS 0x00000000a2900000| PB 0x00000000a2900000| Untracked 
| 554|0x00000000a2a00000, 0x00000000a2a00000, 0x00000000a2b00000|  0%| F|  |TAMS 0x00000000a2a00000| PB 0x00000000a2a00000| Untracked 
| 555|0x00000000a2b00000, 0x00000000a2b00000, 0x00000000a2c00000|  0%| F|  |TAMS 0x00000000a2b00000| PB 0x00000000a2b00000| Untracked 
| 556|0x00000000a2c00000, 0x00000000a2c00000, 0x00000000a2d00000|  0%| F|  |TAMS 0x00000000a2c00000| PB 0x00000000a2c00000| Untracked 
| 557|0x00000000a2d00000, 0x00000000a2d00000, 0x00000000a2e00000|  0%| F|  |TAMS 0x00000000a2d00000| PB 0x00000000a2d00000| Untracked 
| 558|0x00000000a2e00000, 0x00000000a2e00000, 0x00000000a2f00000|  0%| F|  |TAMS 0x00000000a2e00000| PB 0x00000000a2e00000| Untracked 
| 559|0x00000000a2f00000, 0x00000000a2f00000, 0x00000000a3000000|  0%| F|  |TAMS 0x00000000a2f00000| PB 0x00000000a2f00000| Untracked 
| 560|0x00000000a3000000, 0x00000000a3000000, 0x00000000a3100000|  0%| F|  |TAMS 0x00000000a3000000| PB 0x00000000a3000000| Untracked 
| 561|0x00000000a3100000, 0x00000000a3100000, 0x00000000a3200000|  0%| F|  |TAMS 0x00000000a3100000| PB 0x00000000a3100000| Untracked 
| 562|0x00000000a3200000, 0x00000000a3200000, 0x00000000a3300000|  0%| F|  |TAMS 0x00000000a3200000| PB 0x00000000a3200000| Untracked 
| 563|0x00000000a3300000, 0x00000000a3300000, 0x00000000a3400000|  0%| F|  |TAMS 0x00000000a3300000| PB 0x00000000a3300000| Untracked 
| 564|0x00000000a3400000, 0x00000000a3400000, 0x00000000a3500000|  0%| F|  |TAMS 0x00000000a3400000| PB 0x00000000a3400000| Untracked 
| 565|0x00000000a3500000, 0x00000000a3500000, 0x00000000a3600000|  0%| F|  |TAMS 0x00000000a3500000| PB 0x00000000a3500000| Untracked 
| 566|0x00000000a3600000, 0x00000000a3600000, 0x00000000a3700000|  0%| F|  |TAMS 0x00000000a3600000| PB 0x00000000a3600000| Untracked 
| 567|0x00000000a3700000, 0x00000000a3700000, 0x00000000a3800000|  0%| F|  |TAMS 0x00000000a3700000| PB 0x00000000a3700000| Untracked 
| 568|0x00000000a3800000, 0x00000000a3800000, 0x00000000a3900000|  0%| F|  |TAMS 0x00000000a3800000| PB 0x00000000a3800000| Untracked 
| 569|0x00000000a3900000, 0x00000000a3900000, 0x00000000a3a00000|  0%| F|  |TAMS 0x00000000a3900000| PB 0x00000000a3900000| Untracked 
| 570|0x00000000a3a00000, 0x00000000a3a00000, 0x00000000a3b00000|  0%| F|  |TAMS 0x00000000a3a00000| PB 0x00000000a3a00000| Untracked 
| 571|0x00000000a3b00000, 0x00000000a3b00000, 0x00000000a3c00000|  0%| F|  |TAMS 0x00000000a3b00000| PB 0x00000000a3b00000| Untracked 
| 572|0x00000000a3c00000, 0x00000000a3c00000, 0x00000000a3d00000|  0%| F|  |TAMS 0x00000000a3c00000| PB 0x00000000a3c00000| Untracked 
| 573|0x00000000a3d00000, 0x00000000a3d00000, 0x00000000a3e00000|  0%| F|  |TAMS 0x00000000a3d00000| PB 0x00000000a3d00000| Untracked 
| 574|0x00000000a3e00000, 0x00000000a3e00000, 0x00000000a3f00000|  0%| F|  |TAMS 0x00000000a3e00000| PB 0x00000000a3e00000| Untracked 
| 575|0x00000000a3f00000, 0x00000000a3f00000, 0x00000000a4000000|  0%| F|  |TAMS 0x00000000a3f00000| PB 0x00000000a3f00000| Untracked 
| 576|0x00000000a4000000, 0x00000000a4064330, 0x00000000a4100000| 39%| E|  |TAMS 0x00000000a4000000| PB 0x00000000a4000000| Complete 
| 577|0x00000000a4100000, 0x00000000a41ffde8, 0x00000000a4200000| 99%| E|  |TAMS 0x00000000a4100000| PB 0x00000000a4100000| Complete 
| 578|0x00000000a4200000, 0x00000000a4300000, 0x00000000a4300000|100%| E|CS|TAMS 0x00000000a4200000| PB 0x00000000a4200000| Complete 
| 579|0x00000000a4300000, 0x00000000a4400000, 0x00000000a4400000|100%| E|CS|TAMS 0x00000000a4300000| PB 0x00000000a4300000| Complete 
| 580|0x00000000a4400000, 0x00000000a4500000, 0x00000000a4500000|100%| E|CS|TAMS 0x00000000a4400000| PB 0x00000000a4400000| Complete 
| 581|0x00000000a4500000, 0x00000000a4600000, 0x00000000a4600000|100%| E|CS|TAMS 0x00000000a4500000| PB 0x00000000a4500000| Complete 
| 582|0x00000000a4600000, 0x00000000a4700000, 0x00000000a4700000|100%| E|CS|TAMS 0x00000000a4600000| PB 0x00000000a4600000| Complete 
| 583|0x00000000a4700000, 0x00000000a4800000, 0x00000000a4800000|100%| E|CS|TAMS 0x00000000a4700000| PB 0x00000000a4700000| Complete 
| 584|0x00000000a4800000, 0x00000000a4900000, 0x00000000a4900000|100%| E|CS|TAMS 0x00000000a4800000| PB 0x00000000a4800000| Complete 
| 585|0x00000000a4900000, 0x00000000a4a00000, 0x00000000a4a00000|100%| E|CS|TAMS 0x00000000a4900000| PB 0x00000000a4900000| Complete 
| 586|0x00000000a4a00000, 0x00000000a4b00000, 0x00000000a4b00000|100%| E|CS|TAMS 0x00000000a4a00000| PB 0x00000000a4a00000| Complete 
| 587|0x00000000a4b00000, 0x00000000a4c00000, 0x00000000a4c00000|100%| E|CS|TAMS 0x00000000a4b00000| PB 0x00000000a4b00000| Complete 
| 588|0x00000000a4c00000, 0x00000000a4d00000, 0x00000000a4d00000|100%| E|CS|TAMS 0x00000000a4c00000| PB 0x00000000a4c00000| Complete 
| 589|0x00000000a4d00000, 0x00000000a4e00000, 0x00000000a4e00000|100%| E|CS|TAMS 0x00000000a4d00000| PB 0x00000000a4d00000| Complete 
| 590|0x00000000a4e00000, 0x00000000a4f00000, 0x00000000a4f00000|100%| E|CS|TAMS 0x00000000a4e00000| PB 0x00000000a4e00000| Complete 
| 591|0x00000000a4f00000, 0x00000000a5000000, 0x00000000a5000000|100%| E|CS|TAMS 0x00000000a4f00000| PB 0x00000000a4f00000| Complete 
| 592|0x00000000a5000000, 0x00000000a5100000, 0x00000000a5100000|100%| E|CS|TAMS 0x00000000a5000000| PB 0x00000000a5000000| Complete 
| 593|0x00000000a5100000, 0x00000000a5200000, 0x00000000a5200000|100%| E|CS|TAMS 0x00000000a5100000| PB 0x00000000a5100000| Complete 
| 594|0x00000000a5200000, 0x00000000a5300000, 0x00000000a5300000|100%| E|CS|TAMS 0x00000000a5200000| PB 0x00000000a5200000| Complete 
| 595|0x00000000a5300000, 0x00000000a5400000, 0x00000000a5400000|100%| E|CS|TAMS 0x00000000a5300000| PB 0x00000000a5300000| Complete 
| 596|0x00000000a5400000, 0x00000000a5500000, 0x00000000a5500000|100%| E|CS|TAMS 0x00000000a5400000| PB 0x00000000a5400000| Complete 
| 597|0x00000000a5500000, 0x00000000a5600000, 0x00000000a5600000|100%| E|CS|TAMS 0x00000000a5500000| PB 0x00000000a5500000| Complete 
| 598|0x00000000a5600000, 0x00000000a5700000, 0x00000000a5700000|100%| E|CS|TAMS 0x00000000a5600000| PB 0x00000000a5600000| Complete 
| 599|0x00000000a5700000, 0x00000000a5800000, 0x00000000a5800000|100%| E|CS|TAMS 0x00000000a5700000| PB 0x00000000a5700000| Complete 
| 600|0x00000000a5800000, 0x00000000a5900000, 0x00000000a5900000|100%| E|CS|TAMS 0x00000000a5800000| PB 0x00000000a5800000| Complete 
| 601|0x00000000a5900000, 0x00000000a5a00000, 0x00000000a5a00000|100%| E|CS|TAMS 0x00000000a5900000| PB 0x00000000a5900000| Complete 
| 602|0x00000000a5a00000, 0x00000000a5b00000, 0x00000000a5b00000|100%| E|CS|TAMS 0x00000000a5a00000| PB 0x00000000a5a00000| Complete 
| 603|0x00000000a5b00000, 0x00000000a5c00000, 0x00000000a5c00000|100%| E|CS|TAMS 0x00000000a5b00000| PB 0x00000000a5b00000| Complete 
| 604|0x00000000a5c00000, 0x00000000a5d00000, 0x00000000a5d00000|100%| E|CS|TAMS 0x00000000a5c00000| PB 0x00000000a5c00000| Complete 
| 605|0x00000000a5d00000, 0x00000000a5e00000, 0x00000000a5e00000|100%| E|CS|TAMS 0x00000000a5d00000| PB 0x00000000a5d00000| Complete 
| 606|0x00000000a5e00000, 0x00000000a5f00000, 0x00000000a5f00000|100%| E|CS|TAMS 0x00000000a5e00000| PB 0x00000000a5e00000| Complete 
| 607|0x00000000a5f00000, 0x00000000a6000000, 0x00000000a6000000|100%| E|CS|TAMS 0x00000000a5f00000| PB 0x00000000a5f00000| Complete 
| 608|0x00000000a6000000, 0x00000000a6100000, 0x00000000a6100000|100%| E|CS|TAMS 0x00000000a6000000| PB 0x00000000a6000000| Complete 
| 609|0x00000000a6100000, 0x00000000a6200000, 0x00000000a6200000|100%| E|CS|TAMS 0x00000000a6100000| PB 0x00000000a6100000| Complete 
| 610|0x00000000a6200000, 0x00000000a6300000, 0x00000000a6300000|100%| E|CS|TAMS 0x00000000a6200000| PB 0x00000000a6200000| Complete 
| 611|0x00000000a6300000, 0x00000000a6400000, 0x00000000a6400000|100%| E|CS|TAMS 0x00000000a6300000| PB 0x00000000a6300000| Complete 
| 612|0x00000000a6400000, 0x00000000a6500000, 0x00000000a6500000|100%| E|CS|TAMS 0x00000000a6400000| PB 0x00000000a6400000| Complete 
| 613|0x00000000a6500000, 0x00000000a6600000, 0x00000000a6600000|100%| E|CS|TAMS 0x00000000a6500000| PB 0x00000000a6500000| Complete 
| 614|0x00000000a6600000, 0x00000000a6700000, 0x00000000a6700000|100%| E|CS|TAMS 0x00000000a6600000| PB 0x00000000a6600000| Complete 
| 615|0x00000000a6700000, 0x00000000a6800000, 0x00000000a6800000|100%| E|CS|TAMS 0x00000000a6700000| PB 0x00000000a6700000| Complete 
| 616|0x00000000a6800000, 0x00000000a6900000, 0x00000000a6900000|100%| E|CS|TAMS 0x00000000a6800000| PB 0x00000000a6800000| Complete 
| 617|0x00000000a6900000, 0x00000000a6a00000, 0x00000000a6a00000|100%| E|CS|TAMS 0x00000000a6900000| PB 0x00000000a6900000| Complete 
| 618|0x00000000a6a00000, 0x00000000a6b00000, 0x00000000a6b00000|100%| E|CS|TAMS 0x00000000a6a00000| PB 0x00000000a6a00000| Complete 
| 619|0x00000000a6b00000, 0x00000000a6c00000, 0x00000000a6c00000|100%| E|CS|TAMS 0x00000000a6b00000| PB 0x00000000a6b00000| Complete 
| 620|0x00000000a6c00000, 0x00000000a6d00000, 0x00000000a6d00000|100%| E|CS|TAMS 0x00000000a6c00000| PB 0x00000000a6c00000| Complete 
| 621|0x00000000a6d00000, 0x00000000a6e00000, 0x00000000a6e00000|100%| E|CS|TAMS 0x00000000a6d00000| PB 0x00000000a6d00000| Complete 
| 622|0x00000000a6e00000, 0x00000000a6f00000, 0x00000000a6f00000|100%| E|CS|TAMS 0x00000000a6e00000| PB 0x00000000a6e00000| Complete 
| 623|0x00000000a6f00000, 0x00000000a7000000, 0x00000000a7000000|100%| E|CS|TAMS 0x00000000a6f00000| PB 0x00000000a6f00000| Complete 
| 624|0x00000000a7000000, 0x00000000a7100000, 0x00000000a7100000|100%| E|CS|TAMS 0x00000000a7000000| PB 0x00000000a7000000| Complete 
| 625|0x00000000a7100000, 0x00000000a7200000, 0x00000000a7200000|100%| S|CS|TAMS 0x00000000a7100000| PB 0x00000000a7100000| Complete 
| 626|0x00000000a7200000, 0x00000000a7300000, 0x00000000a7300000|100%| S|CS|TAMS 0x00000000a7200000| PB 0x00000000a7200000| Complete 
| 627|0x00000000a7300000, 0x00000000a7400000, 0x00000000a7400000|100%| S|CS|TAMS 0x00000000a7300000| PB 0x00000000a7300000| Complete 
| 628|0x00000000a7400000, 0x00000000a7500000, 0x00000000a7500000|100%| S|CS|TAMS 0x00000000a7400000| PB 0x00000000a7400000| Complete 
| 629|0x00000000a7500000, 0x00000000a7600000, 0x00000000a7600000|100%| S|CS|TAMS 0x00000000a7500000| PB 0x00000000a7500000| Complete 
| 630|0x00000000a7600000, 0x00000000a7700000, 0x00000000a7700000|100%| S|CS|TAMS 0x00000000a7600000| PB 0x00000000a7600000| Complete 
| 631|0x00000000a7700000, 0x00000000a7800000, 0x00000000a7800000|100%| S|CS|TAMS 0x00000000a7700000| PB 0x00000000a7700000| Complete 
| 632|0x00000000a7800000, 0x00000000a7900000, 0x00000000a7900000|100%| S|CS|TAMS 0x00000000a7800000| PB 0x00000000a7800000| Complete 
| 633|0x00000000a7900000, 0x00000000a7a00000, 0x00000000a7a00000|100%| S|CS|TAMS 0x00000000a7900000| PB 0x00000000a7900000| Complete 
| 634|0x00000000a7a00000, 0x00000000a7b00000, 0x00000000a7b00000|100%| S|CS|TAMS 0x00000000a7a00000| PB 0x00000000a7a00000| Complete 
| 635|0x00000000a7b00000, 0x00000000a7c00000, 0x00000000a7c00000|100%| S|CS|TAMS 0x00000000a7b00000| PB 0x00000000a7b00000| Complete 
| 636|0x00000000a7c00000, 0x00000000a7d00000, 0x00000000a7d00000|100%| S|CS|TAMS 0x00000000a7c00000| PB 0x00000000a7c00000| Complete 
| 637|0x00000000a7d00000, 0x00000000a7e00000, 0x00000000a7e00000|100%| S|CS|TAMS 0x00000000a7d00000| PB 0x00000000a7d00000| Complete 
| 638|0x00000000a7e00000, 0x00000000a7f00000, 0x00000000a7f00000|100%| S|CS|TAMS 0x00000000a7e00000| PB 0x00000000a7e00000| Complete 
| 639|0x00000000a7f00000, 0x00000000a8000000, 0x00000000a8000000|100%| S|CS|TAMS 0x00000000a7f00000| PB 0x00000000a7f00000| Complete 
| 640|0x00000000a8000000, 0x00000000a8100000, 0x00000000a8100000|100%| S|CS|TAMS 0x00000000a8000000| PB 0x00000000a8000000| Complete 
| 641|0x00000000a8100000, 0x00000000a8200000, 0x00000000a8200000|100%| S|CS|TAMS 0x00000000a8100000| PB 0x00000000a8100000| Complete 
| 642|0x00000000a8200000, 0x00000000a8300000, 0x00000000a8300000|100%| S|CS|TAMS 0x00000000a8200000| PB 0x00000000a8200000| Complete 
| 643|0x00000000a8300000, 0x00000000a8400000, 0x00000000a8400000|100%| S|CS|TAMS 0x00000000a8300000| PB 0x00000000a8300000| Complete 
| 644|0x00000000a8400000, 0x00000000a8500000, 0x00000000a8500000|100%| S|CS|TAMS 0x00000000a8400000| PB 0x00000000a8400000| Complete 
| 645|0x00000000a8500000, 0x00000000a8600000, 0x00000000a8600000|100%| S|CS|TAMS 0x00000000a8500000| PB 0x00000000a8500000| Complete 
| 646|0x00000000a8600000, 0x00000000a8700000, 0x00000000a8700000|100%| S|CS|TAMS 0x00000000a8600000| PB 0x00000000a8600000| Complete 
| 647|0x00000000a8700000, 0x00000000a8800000, 0x00000000a8800000|100%| S|CS|TAMS 0x00000000a8700000| PB 0x00000000a8700000| Complete 
| 648|0x00000000a8800000, 0x00000000a8900000, 0x00000000a8900000|100%| S|CS|TAMS 0x00000000a8800000| PB 0x00000000a8800000| Complete 
| 649|0x00000000a8900000, 0x00000000a8a00000, 0x00000000a8a00000|100%| S|CS|TAMS 0x00000000a8900000| PB 0x00000000a8900000| Complete 
| 650|0x00000000a8a00000, 0x00000000a8b00000, 0x00000000a8b00000|100%| S|CS|TAMS 0x00000000a8a00000| PB 0x00000000a8a00000| Complete 
| 651|0x00000000a8b00000, 0x00000000a8c00000, 0x00000000a8c00000|100%| S|CS|TAMS 0x00000000a8b00000| PB 0x00000000a8b00000| Complete 
| 652|0x00000000a8c00000, 0x00000000a8d00000, 0x00000000a8d00000|100%| S|CS|TAMS 0x00000000a8c00000| PB 0x00000000a8c00000| Complete 
| 653|0x00000000a8d00000, 0x00000000a8e00000, 0x00000000a8e00000|100%| S|CS|TAMS 0x00000000a8d00000| PB 0x00000000a8d00000| Complete 
| 654|0x00000000a8e00000, 0x00000000a8f00000, 0x00000000a8f00000|100%| S|CS|TAMS 0x00000000a8e00000| PB 0x00000000a8e00000| Complete 
| 655|0x00000000a8f00000, 0x00000000a9000000, 0x00000000a9000000|100%| S|CS|TAMS 0x00000000a8f00000| PB 0x00000000a8f00000| Complete 
| 656|0x00000000a9000000, 0x00000000a9100000, 0x00000000a9100000|100%| S|CS|TAMS 0x00000000a9000000| PB 0x00000000a9000000| Complete 
| 657|0x00000000a9100000, 0x00000000a9200000, 0x00000000a9200000|100%| E|CS|TAMS 0x00000000a9100000| PB 0x00000000a9100000| Complete 
| 658|0x00000000a9200000, 0x00000000a9300000, 0x00000000a9300000|100%| E|CS|TAMS 0x00000000a9200000| PB 0x00000000a9200000| Complete 
| 659|0x00000000a9300000, 0x00000000a9400000, 0x00000000a9400000|100%| E|CS|TAMS 0x00000000a9300000| PB 0x00000000a9300000| Complete 
| 660|0x00000000a9400000, 0x00000000a9500000, 0x00000000a9500000|100%| E|CS|TAMS 0x00000000a9400000| PB 0x00000000a9400000| Complete 
| 661|0x00000000a9500000, 0x00000000a9600000, 0x00000000a9600000|100%| E|CS|TAMS 0x00000000a9500000| PB 0x00000000a9500000| Complete 
| 662|0x00000000a9600000, 0x00000000a9700000, 0x00000000a9700000|100%| E|CS|TAMS 0x00000000a9600000| PB 0x00000000a9600000| Complete 
| 663|0x00000000a9700000, 0x00000000a9800000, 0x00000000a9800000|100%| E|CS|TAMS 0x00000000a9700000| PB 0x00000000a9700000| Complete 
| 664|0x00000000a9800000, 0x00000000a9900000, 0x00000000a9900000|100%| E|CS|TAMS 0x00000000a9800000| PB 0x00000000a9800000| Complete 
| 665|0x00000000a9900000, 0x00000000a9a00000, 0x00000000a9a00000|100%| E|CS|TAMS 0x00000000a9900000| PB 0x00000000a9900000| Complete 
| 666|0x00000000a9a00000, 0x00000000a9b00000, 0x00000000a9b00000|100%| E|CS|TAMS 0x00000000a9a00000| PB 0x00000000a9a00000| Complete 
| 667|0x00000000a9b00000, 0x00000000a9c00000, 0x00000000a9c00000|100%| E|CS|TAMS 0x00000000a9b00000| PB 0x00000000a9b00000| Complete 
| 668|0x00000000a9c00000, 0x00000000a9d00000, 0x00000000a9d00000|100%| E|CS|TAMS 0x00000000a9c00000| PB 0x00000000a9c00000| Complete 
| 669|0x00000000a9d00000, 0x00000000a9e00000, 0x00000000a9e00000|100%| E|CS|TAMS 0x00000000a9d00000| PB 0x00000000a9d00000| Complete 
| 670|0x00000000a9e00000, 0x00000000a9f00000, 0x00000000a9f00000|100%| E|CS|TAMS 0x00000000a9e00000| PB 0x00000000a9e00000| Complete 
| 671|0x00000000a9f00000, 0x00000000aa000000, 0x00000000aa000000|100%| E|CS|TAMS 0x00000000a9f00000| PB 0x00000000a9f00000| Complete 
| 672|0x00000000aa000000, 0x00000000aa100000, 0x00000000aa100000|100%| E|CS|TAMS 0x00000000aa000000| PB 0x00000000aa000000| Complete 
| 673|0x00000000aa100000, 0x00000000aa200000, 0x00000000aa200000|100%| E|CS|TAMS 0x00000000aa100000| PB 0x00000000aa100000| Complete 
| 674|0x00000000aa200000, 0x00000000aa300000, 0x00000000aa300000|100%| E|CS|TAMS 0x00000000aa200000| PB 0x00000000aa200000| Complete 
| 675|0x00000000aa300000, 0x00000000aa400000, 0x00000000aa400000|100%| E|CS|TAMS 0x00000000aa300000| PB 0x00000000aa300000| Complete 
| 676|0x00000000aa400000, 0x00000000aa500000, 0x00000000aa500000|100%| E|CS|TAMS 0x00000000aa400000| PB 0x00000000aa400000| Complete 
| 677|0x00000000aa500000, 0x00000000aa600000, 0x00000000aa600000|100%| E|CS|TAMS 0x00000000aa500000| PB 0x00000000aa500000| Complete 
| 678|0x00000000aa600000, 0x00000000aa700000, 0x00000000aa700000|100%| E|CS|TAMS 0x00000000aa600000| PB 0x00000000aa600000| Complete 
| 679|0x00000000aa700000, 0x00000000aa800000, 0x00000000aa800000|100%| E|CS|TAMS 0x00000000aa700000| PB 0x00000000aa700000| Complete 
| 680|0x00000000aa800000, 0x00000000aa900000, 0x00000000aa900000|100%| E|CS|TAMS 0x00000000aa800000| PB 0x00000000aa800000| Complete 
| 681|0x00000000aa900000, 0x00000000aaa00000, 0x00000000aaa00000|100%| E|CS|TAMS 0x00000000aa900000| PB 0x00000000aa900000| Complete 
| 682|0x00000000aaa00000, 0x00000000aab00000, 0x00000000aab00000|100%| E|CS|TAMS 0x00000000aaa00000| PB 0x00000000aaa00000| Complete 
| 683|0x00000000aab00000, 0x00000000aac00000, 0x00000000aac00000|100%| E|CS|TAMS 0x00000000aab00000| PB 0x00000000aab00000| Complete 
| 684|0x00000000aac00000, 0x00000000aad00000, 0x00000000aad00000|100%| E|CS|TAMS 0x00000000aac00000| PB 0x00000000aac00000| Complete 
| 685|0x00000000aad00000, 0x00000000aae00000, 0x00000000aae00000|100%| E|CS|TAMS 0x00000000aad00000| PB 0x00000000aad00000| Complete 
| 686|0x00000000aae00000, 0x00000000aaf00000, 0x00000000aaf00000|100%| E|CS|TAMS 0x00000000aae00000| PB 0x00000000aae00000| Complete 
| 687|0x00000000aaf00000, 0x00000000ab000000, 0x00000000ab000000|100%| E|CS|TAMS 0x00000000aaf00000| PB 0x00000000aaf00000| Complete 
|2036|0x00000000ff400000, 0x00000000ff500000, 0x00000000ff500000|100%| E|CS|TAMS 0x00000000ff400000| PB 0x00000000ff400000| Complete 
|2037|0x00000000ff500000, 0x00000000ff600000, 0x00000000ff600000|100%| E|CS|TAMS 0x00000000ff500000| PB 0x00000000ff500000| Complete 
|2038|0x00000000ff600000, 0x00000000ff700000, 0x00000000ff700000|100%| O|  |TAMS 0x00000000ff700000| PB 0x00000000ff700000| Untracked 
|2039|0x00000000ff700000, 0x00000000ff800000, 0x00000000ff800000|100%| O|  |TAMS 0x00000000ff800000| PB 0x00000000ff800000| Untracked 
|2040|0x00000000ff800000, 0x00000000ff900000, 0x00000000ff900000|100%| O|  |TAMS 0x00000000ff900000| PB 0x00000000ff900000| Untracked 
|2041|0x00000000ff900000, 0x00000000ffa00000, 0x00000000ffa00000|100%| O|  |TAMS 0x00000000ffa00000| PB 0x00000000ffa00000| Untracked 
|2042|0x00000000ffa00000, 0x00000000ffb00000, 0x00000000ffb00000|100%| O|  |TAMS 0x00000000ffb00000| PB 0x00000000ffb00000| Untracked 
|2043|0x00000000ffb00000, 0x00000000ffc00000, 0x00000000ffc00000|100%| O|  |TAMS 0x00000000ffc00000| PB 0x00000000ffc00000| Updating 
|2044|0x00000000ffc00000, 0x00000000ffd00000, 0x00000000ffd00000|100%| O|  |TAMS 0x00000000ffd00000| PB 0x00000000ffd00000| Untracked 
|2045|0x00000000ffd00000, 0x00000000ffe00000, 0x00000000ffe00000|100%| O|  |TAMS 0x00000000ffe00000| PB 0x00000000ffe00000| Untracked 
|2046|0x00000000ffe00000, 0x00000000fff00000, 0x00000000fff00000|100%| O|  |TAMS 0x00000000fff00000| PB 0x00000000fff00000| Updating 
|2047|0x00000000fff00000, 0x0000000100000000, 0x0000000100000000|100%| E|CS|TAMS 0x00000000fff00000| PB 0x00000000fff00000| Complete 

Card table byte_map: [0x000001e249fe0000,0x000001e24a3e0000] _byte_map_base: 0x000001e249be0000

Marking Bits: (CMBitMap*) 0x000001e237587c20
 Bits: [0x000001e24a3e0000, 0x000001e24c3e0000)

Polling page: 0x000001e235720000

Metaspace:

Usage:
  Non-class:    138.18 MB used.
      Class:     23.05 MB used.
       Both:    161.23 MB used.

Virtual space:
  Non-class space:      192.00 MB reserved,     139.50 MB ( 73%) committed,  3 nodes.
      Class space:        1.00 GB reserved,      24.25 MB (  2%) committed,  1 nodes.
             Both:        1.19 GB reserved,     163.75 MB ( 13%) committed. 

Chunk freelists:
   Non-Class:  4.17 MB
       Class:  7.77 MB
        Both:  11.94 MB

MaxMetaspaceSize: unlimited
CompressedClassSpaceSize: 1.00 GB
Initial GC threshold: 21.00 MB
Current GC threshold: 206.38 MB
CDS: off
 - commit_granule_bytes: 65536.
 - commit_granule_words: 8192.
 - virtual_space_node_default_size: 8388608.
 - enlarge_chunks_in_place: 1.
 - use_allocation_guard: 0.


Internal statistics:

num_allocs_failed_limit: 12.
num_arena_births: 4942.
num_arena_deaths: 0.
num_vsnodes_births: 4.
num_vsnodes_deaths: 0.
num_space_committed: 2619.
num_space_uncommitted: 0.
num_chunks_returned_to_freelist: 12.
num_chunks_taken_from_freelist: 11800.
num_chunk_merges: 9.
num_chunk_splits: 7898.
num_chunks_enlarged: 5149.
num_inconsistent_stats: 0.

CodeHeap 'non-profiled nmethods': size=120000Kb used=12748Kb max_used=12945Kb free=107252Kb
 bounds [0x000001e242160000, 0x000001e242e10000, 0x000001e249690000]
CodeHeap 'profiled nmethods': size=120000Kb used=36185Kb max_used=36552Kb free=83814Kb
 bounds [0x000001e23a690000, 0x000001e23ca50000, 0x000001e241bc0000]
CodeHeap 'non-nmethods': size=5760Kb used=2391Kb max_used=2446Kb free=3368Kb
 bounds [0x000001e241bc0000, 0x000001e241e30000, 0x000001e242160000]
CodeCache: size=245760Kb, used=51324Kb, max_used=51943Kb, free=194434Kb
 total_blobs=20650, nmethods=19643, adapters=910, full_count=0
Compilation: enabled, stopped_count=0, restarted_count=0

Compilation events (20 events):
Event: 36.213 Thread 0x000001e24f286390 22811       2       org.gradle.internal.execution.steps.ResolveChangesStep$1::visitInputFileProperty (62 bytes)
Event: 36.213 Thread 0x000001e24f286390 nmethod 22811 0x000001e23ca3e410 code [0x000001e23ca3e620, 0x000001e23ca3ea10]
Event: 36.213 Thread 0x000001e24f286390 22812       1       org.gradle.internal.execution.UnitOfWork$InputFileValueSupplier::getValue (5 bytes)
Event: 36.213 Thread 0x000001e24f286390 nmethod 22812 0x000001e242e03b10 code [0x000001e242e03ca0, 0x000001e242e03d68]
Event: 36.213 Thread 0x000001e24f286390 22813       2       com.google.common.collect.Iterables::elementsEqual (57 bytes)
Event: 36.214 Thread 0x000001e24f286390 nmethod 22813 0x000001e23ca3ed10 code [0x000001e23ca3ef20, 0x000001e23ca3f288]
Event: 36.214 Thread 0x000001e24f286390 22814       1       org.gradle.internal.execution.ExecutionEngine$Execution$1::getOutcome (5 bytes)
Event: 36.214 Thread 0x000001e24f286390 nmethod 22814 0x000001e242e03e10 code [0x000001e242e03fa0, 0x000001e242e04068]
Event: 36.216 Thread 0x000001e24f286390 22815       2       org.gradle.internal.properties.bean.DefaultPropertyWalker$1::<init> (20 bytes)
Event: 36.217 Thread 0x000001e24f286390 nmethod 22815 0x000001e23ca3f410 code [0x000001e23ca3f5c0, 0x000001e23ca3f7d8]
Event: 36.217 Thread 0x000001e24f286390 22816       2       org.gradle.internal.properties.annotations.AbstractTypeMetadataWalker::walk (64 bytes)
Event: 36.219 Thread 0x000001e24f286390 nmethod 22816 0x000001e23ca3f890 code [0x000001e23ca3fae0, 0x000001e23ca400a0]
Event: 36.219 Thread 0x000001e24f286390 22817       2       org.gradle.internal.properties.bean.DefaultPropertyWalker$1::visitRoot (12 bytes)
Event: 36.219 Thread 0x000001e24f286390 nmethod 22817 0x000001e23ca40590 code [0x000001e23ca40760, 0x000001e23ca40a08]
Event: 36.219 Thread 0x000001e24f286390 22818       2       org.gradle.internal.properties.annotations.AbstractTypeMetadataWalker$InstanceTypeMetadataWalker$$Lambda/0x000000010048da80::get (8 bytes)
Event: 36.219 Thread 0x000001e24f286390 nmethod 22818 0x000001e23ca40c10 code [0x000001e23ca40dc0, 0x000001e23ca41008]
Event: 36.224 Thread 0x000001e24f286390 22819       2       org.gradle.api.internal.tasks.properties.FileParameterUtils::collectFileProperties (93 bytes)
Event: 36.225 Thread 0x000001e24f286390 nmethod 22819 0x000001e23ca41110 code [0x000001e23ca413c0, 0x000001e23ca41e30]
Event: 36.246 Thread 0x000001e24f286390 22820       1       com.android.apksig.internal.apk.ApkSigningBlockUtils$ChunkDigests::access$1000 (5 bytes)
Event: 36.246 Thread 0x000001e24f286390 nmethod 22820 0x000001e242e04110 code [0x000001e242e042a0, 0x000001e242e04350]

GC Heap History (20 events):
Event: 22.645 GC heap before
{Heap before GC invocations=81 (full 0):
 garbage-first heap   total 658432K, used 540124K [0x0000000080000000, 0x0000000100000000)
  region size 1024K, 385 young (394240K), 18 survivors (18432K)
 Metaspace       used 124719K, committed 127040K, reserved 1179648K
  class space    used 17398K, committed 18496K, reserved 1048576K
}
Event: 22.650 GC heap after
{Heap after GC invocations=82 (full 0):
 garbage-first heap   total 658432K, used 165908K [0x0000000080000000, 0x0000000100000000)
  region size 1024K, 18 young (18432K), 18 survivors (18432K)
 Metaspace       used 124719K, committed 127040K, reserved 1179648K
  class space    used 17398K, committed 18496K, reserved 1048576K
}
Event: 24.167 GC heap before
{Heap before GC invocations=82 (full 0):
 garbage-first heap   total 658432K, used 540692K [0x0000000080000000, 0x0000000100000000)
  region size 1024K, 385 young (394240K), 18 survivors (18432K)
 Metaspace       used 128188K, committed 130560K, reserved 1179648K
  class space    used 17843K, committed 18944K, reserved 1048576K
}
Event: 24.179 GC heap after
{Heap after GC invocations=83 (full 0):
 garbage-first heap   total 658432K, used 170002K [0x0000000080000000, 0x0000000100000000)
  region size 1024K, 21 young (21504K), 21 survivors (21504K)
 Metaspace       used 128188K, committed 130560K, reserved 1179648K
  class space    used 17843K, committed 18944K, reserved 1048576K
}
Event: 24.313 GC heap before
{Heap before GC invocations=83 (full 0):
 garbage-first heap   total 658432K, used 541714K [0x0000000080000000, 0x0000000100000000)
  region size 1024K, 385 young (394240K), 21 survivors (21504K)
 Metaspace       used 128188K, committed 130560K, reserved 1179648K
  class space    used 17844K, committed 18944K, reserved 1048576K
}
Event: 24.322 GC heap after
{Heap after GC invocations=84 (full 0):
 garbage-first heap   total 658432K, used 171047K [0x0000000080000000, 0x0000000100000000)
  region size 1024K, 20 young (20480K), 20 survivors (20480K)
 Metaspace       used 128188K, committed 130560K, reserved 1179648K
  class space    used 17844K, committed 18944K, reserved 1048576K
}
Event: 24.610 GC heap before
{Heap before GC invocations=84 (full 0):
 garbage-first heap   total 658432K, used 543783K [0x0000000080000000, 0x0000000100000000)
  region size 1024K, 385 young (394240K), 20 survivors (20480K)
 Metaspace       used 128312K, committed 130624K, reserved 1179648K
  class space    used 17851K, committed 18944K, reserved 1048576K
}
Event: 24.618 GC heap after
{Heap after GC invocations=85 (full 0):
 garbage-first heap   total 658432K, used 172755K [0x0000000080000000, 0x0000000100000000)
  region size 1024K, 21 young (21504K), 21 survivors (21504K)
 Metaspace       used 128312K, committed 130624K, reserved 1179648K
  class space    used 17851K, committed 18944K, reserved 1048576K
}
Event: 24.856 GC heap before
{Heap before GC invocations=85 (full 0):
 garbage-first heap   total 658432K, used 544467K [0x0000000080000000, 0x0000000100000000)
  region size 1024K, 385 young (394240K), 21 survivors (21504K)
 Metaspace       used 128465K, committed 130816K, reserved 1179648K
  class space    used 17864K, committed 19008K, reserved 1048576K
}
Event: 24.864 GC heap after
{Heap after GC invocations=86 (full 0):
 garbage-first heap   total 658432K, used 173659K [0x0000000080000000, 0x0000000100000000)
  region size 1024K, 21 young (21504K), 21 survivors (21504K)
 Metaspace       used 128465K, committed 130816K, reserved 1179648K
  class space    used 17864K, committed 19008K, reserved 1048576K
}
Event: 25.078 GC heap before
{Heap before GC invocations=86 (full 0):
 garbage-first heap   total 658432K, used 545371K [0x0000000080000000, 0x0000000100000000)
  region size 1024K, 385 young (394240K), 21 survivors (21504K)
 Metaspace       used 128478K, committed 130880K, reserved 1179648K
  class space    used 17864K, committed 19008K, reserved 1048576K
}
Event: 25.087 GC heap after
{Heap after GC invocations=87 (full 0):
 garbage-first heap   total 658432K, used 174829K [0x0000000080000000, 0x0000000100000000)
  region size 1024K, 20 young (20480K), 20 survivors (20480K)
 Metaspace       used 128478K, committed 130880K, reserved 1179648K
  class space    used 17864K, committed 19008K, reserved 1048576K
}
Event: 25.198 GC heap before
{Heap before GC invocations=87 (full 0):
 garbage-first heap   total 658432K, used 547565K [0x0000000080000000, 0x0000000100000000)
  region size 1024K, 385 young (394240K), 20 survivors (20480K)
 Metaspace       used 128478K, committed 130880K, reserved 1179648K
  class space    used 17864K, committed 19008K, reserved 1048576K
}
Event: 25.207 GC heap after
{Heap after GC invocations=88 (full 0):
 garbage-first heap   total 658432K, used 176361K [0x0000000080000000, 0x0000000100000000)
  region size 1024K, 21 young (21504K), 21 survivors (21504K)
 Metaspace       used 128478K, committed 130880K, reserved 1179648K
  class space    used 17864K, committed 19008K, reserved 1048576K
}
Event: 32.590 GC heap before
{Heap before GC invocations=88 (full 0):
 garbage-first heap   total 658432K, used 551145K [0x0000000080000000, 0x0000000100000000)
  region size 1024K, 385 young (394240K), 21 survivors (21504K)
 Metaspace       used 150830K, committed 153216K, reserved 1179648K
  class space    used 21471K, committed 22656K, reserved 1048576K
}
Event: 32.610 GC heap after
{Heap after GC invocations=89 (full 0):
 garbage-first heap   total 716800K, used 190733K [0x0000000080000000, 0x0000000100000000)
  region size 1024K, 34 young (34816K), 34 survivors (34816K)
 Metaspace       used 150830K, committed 153216K, reserved 1179648K
  class space    used 21471K, committed 22656K, reserved 1048576K
}
Event: 35.046 GC heap before
{Heap before GC invocations=89 (full 0):
 garbage-first heap   total 716800K, used 596237K [0x0000000080000000, 0x0000000100000000)
  region size 1024K, 420 young (430080K), 34 survivors (34816K)
 Metaspace       used 163836K, committed 166464K, reserved 1245184K
  class space    used 23447K, committed 24704K, reserved 1048576K
}
Event: 35.095 GC heap after
{Heap after GC invocations=90 (full 0):
 garbage-first heap   total 716800K, used 211760K [0x0000000080000000, 0x0000000100000000)
  region size 1024K, 47 young (48128K), 47 survivors (48128K)
 Metaspace       used 163836K, committed 166464K, reserved 1245184K
  class space    used 23447K, committed 24704K, reserved 1048576K
}
Event: 35.398 GC heap before
{Heap before GC invocations=90 (full 0):
 garbage-first heap   total 716800K, used 315184K [0x0000000080000000, 0x0000000100000000)
  region size 1024K, 81 young (82944K), 47 survivors (48128K)
 Metaspace       used 164631K, committed 167168K, reserved 1245184K
  class space    used 23551K, committed 24768K, reserved 1048576K
}
Event: 35.438 GC heap after
{Heap after GC invocations=91 (full 0):
 garbage-first heap   total 716800K, used 286208K [0x0000000080000000, 0x0000000100000000)
  region size 1024K, 32 young (32768K), 32 survivors (32768K)
 Metaspace       used 164631K, committed 167168K, reserved 1245184K
  class space    used 23551K, committed 24768K, reserved 1048576K
}

Dll operation events (3 events):
Event: 0.032 Loaded shared library C:\Program Files\Android\Android Studio\jbr\bin\java.dll
Event: 0.046 Loaded shared library C:\Program Files\Android\Android Studio\jbr\bin\zip.dll
Event: 0.748 Loaded shared library C:\Program Files\Android\Android Studio\jbr\bin\verify.dll

Deoptimization events (20 events):
Event: 35.838 Thread 0x000001e25f2d9ff0 DEOPT PACKING pc=0x000001e23c7e2f9d sp=0x0000009fb4df8450
Event: 35.838 Thread 0x000001e25f2d9ff0 DEOPT UNPACKING pc=0x000001e241c185e2 sp=0x0000009fb4df78c8 mode 0
Event: 35.840 Thread 0x000001e25f2d9ff0 DEOPT PACKING pc=0x000001e23c7e2f9d sp=0x0000009fb4df82c0
Event: 35.840 Thread 0x000001e25f2d9ff0 DEOPT UNPACKING pc=0x000001e241c185e2 sp=0x0000009fb4df7738 mode 0
Event: 35.840 Thread 0x000001e25f2d9ff0 DEOPT PACKING pc=0x000001e23c8944dc sp=0x0000009fb4df8040
Event: 35.840 Thread 0x000001e25f2d9ff0 DEOPT UNPACKING pc=0x000001e241c185e2 sp=0x0000009fb4df7590 mode 0
Event: 35.840 Thread 0x000001e25f2d9ff0 DEOPT PACKING pc=0x000001e23c7e2f9d sp=0x0000009fb4df82c0
Event: 35.841 Thread 0x000001e25f2d9ff0 DEOPT UNPACKING pc=0x000001e241c185e2 sp=0x0000009fb4df7738 mode 0
Event: 35.845 Thread 0x000001e25f2d9ff0 DEOPT PACKING pc=0x000001e23c7e2f9d sp=0x0000009fb4df78f0
Event: 35.845 Thread 0x000001e25f2d9ff0 DEOPT UNPACKING pc=0x000001e241c185e2 sp=0x0000009fb4df6d68 mode 0
Event: 35.850 Thread 0x000001e25f2d9ff0 Uncommon trap: trap_request=0xffffffde fr.pc=0x000001e2429c6480 relative=0x0000000000000600
Event: 35.850 Thread 0x000001e25f2d9ff0 Uncommon trap: reason=class_check action=maybe_recompile pc=0x000001e2429c6480 method=java.util.HashMap.removeNode(ILjava/lang/Object;Ljava/lang/Object;ZZ)Ljava/util/HashMap$Node; @ 68 c2
Event: 35.850 Thread 0x000001e25f2d9ff0 DEOPT PACKING pc=0x000001e2429c6480 sp=0x0000009fb4df8920
Event: 35.850 Thread 0x000001e25f2d9ff0 DEOPT UNPACKING pc=0x000001e241c17aa2 sp=0x0000009fb4df8848 mode 2
Event: 36.016 Thread 0x000001e25f2d9ff0 DEOPT PACKING pc=0x000001e23c8babbc sp=0x0000009fb4dfa900
Event: 36.016 Thread 0x000001e25f2d9ff0 DEOPT UNPACKING pc=0x000001e241c185e2 sp=0x0000009fb4df9db8 mode 0
Event: 36.191 Thread 0x000001e25f2d57c0 Uncommon trap: trap_request=0xffffffc6 fr.pc=0x000001e242702df8 relative=0x0000000000000318
Event: 36.191 Thread 0x000001e25f2d57c0 Uncommon trap: reason=bimorphic_or_optimized_type_check action=maybe_recompile pc=0x000001e242702df8 method=org.gradle.internal.snapshot.ChildMapFactory.childMapFromSorted(Ljava/util/List;)Lorg/gradle/internal/snapshot/ChildMap; @ 1 c2
Event: 36.191 Thread 0x000001e25f2d57c0 DEOPT PACKING pc=0x000001e242702df8 sp=0x0000009fb42fc590
Event: 36.191 Thread 0x000001e25f2d57c0 DEOPT UNPACKING pc=0x000001e241c17aa2 sp=0x0000009fb42fc558 mode 2

Classes loaded (20 events):
Event: 35.193 Loading class java/util/stream/ReferencePipeline$15$1
Event: 35.193 Loading class java/util/stream/ReferencePipeline$15$1 done
Event: 35.231 Loading class java/security/cert/CertificateEncodingException
Event: 35.232 Loading class java/security/cert/CertificateEncodingException done
Event: 35.274 Loading class java/util/concurrent/ForkJoinTask$AdaptedInterruptibleCallable
Event: 35.275 Loading class java/util/concurrent/ForkJoinTask$InterruptibleTask
Event: 35.276 Loading class java/util/concurrent/ForkJoinTask$InterruptibleTask done
Event: 35.276 Loading class java/util/concurrent/ForkJoinTask$AdaptedInterruptibleCallable done
Event: 35.276 Loading class java/util/concurrent/ForkJoinTask$Aux
Event: 35.277 Loading class java/util/concurrent/ForkJoinTask$Aux done
Event: 35.278 Loading class java/util/concurrent/ForkJoinPool$DefaultForkJoinWorkerThreadFactory$1
Event: 35.278 Loading class java/util/concurrent/ForkJoinPool$DefaultForkJoinWorkerThreadFactory$1 done
Event: 35.950 Loading class java/util/concurrent/CountedCompleter
Event: 35.957 Loading class java/util/concurrent/CountedCompleter done
Event: 36.068 Loading class java/nio/BufferOverflowException
Event: 36.069 Loading class java/nio/BufferOverflowException done
Event: 36.079 Loading class java/security/DigestException
Event: 36.080 Loading class java/security/DigestException done
Event: 36.138 Loading class java/util/concurrent/ForkJoinTask$AdaptedInterruptibleRunnable
Event: 36.139 Loading class java/util/concurrent/ForkJoinTask$AdaptedInterruptibleRunnable done

Classes unloaded (0 events):
No events

Classes redefined (0 events):
No events

Internal exceptions (20 events):
Event: 36.095 Thread 0x000001e25fb7b7d0 Exception <a 'sun/nio/fs/WindowsException'{0x00000000a66bf030}> (0x00000000a66bf030) 
thrown [s\src\hotspot\share\prims\jni.cpp, line 537]
Event: 36.096 Thread 0x000001e25fb7b7d0 Exception <a 'sun/nio/fs/WindowsException'{0x00000000a66c5560}> (0x00000000a66c5560) 
thrown [s\src\hotspot\share\prims\jni.cpp, line 537]
Event: 36.101 Thread 0x000001e25fb7b7d0 Exception <a 'sun/nio/fs/WindowsException'{0x00000000a66d0390}> (0x00000000a66d0390) 
thrown [s\src\hotspot\share\prims\jni.cpp, line 537]
Event: 36.102 Thread 0x000001e25fb7b7d0 Exception <a 'sun/nio/fs/WindowsException'{0x00000000a66d7938}> (0x00000000a66d7938) 
thrown [s\src\hotspot\share\prims\jni.cpp, line 537]
Event: 36.115 Thread 0x000001e25fb7b7d0 Exception <a 'sun/nio/fs/WindowsException'{0x00000000a4c01a50}> (0x00000000a4c01a50) 
thrown [s\src\hotspot\share\prims\jni.cpp, line 537]
Event: 36.115 Thread 0x000001e257fb2580 Exception <a 'sun/nio/fs/WindowsException'{0x00000000a4d29938}> (0x00000000a4d29938) 
thrown [s\src\hotspot\share\prims\jni.cpp, line 537]
Event: 36.115 Thread 0x000001e257faf790 Exception <a 'sun/nio/fs/WindowsException'{0x00000000a4ebf7f8}> (0x00000000a4ebf7f8) 
thrown [s\src\hotspot\share\prims\jni.cpp, line 537]
Event: 36.116 Thread 0x000001e257fafe20 Exception <a 'sun/nio/fs/WindowsException'{0x00000000a4efb7b8}> (0x00000000a4efb7b8) 
thrown [s\src\hotspot\share\prims\jni.cpp, line 537]
Event: 36.117 Thread 0x000001e257fb1860 Exception <a 'sun/nio/fs/WindowsException'{0x00000000a4860b08}> (0x00000000a4860b08) 
thrown [s\src\hotspot\share\prims\jni.cpp, line 537]
Event: 36.118 Thread 0x000001e257fb11d0 Exception <a 'sun/nio/fs/WindowsException'{0x00000000a471a9b0}> (0x00000000a471a9b0) 
thrown [s\src\hotspot\share\prims\jni.cpp, line 537]
Event: 36.120 Thread 0x000001e257faea70 Exception <a 'sun/nio/fs/WindowsException'{0x00000000a4633510}> (0x00000000a4633510) 
thrown [s\src\hotspot\share\prims\jni.cpp, line 537]
Event: 36.120 Thread 0x000001e25fb7b7d0 Exception <a 'sun/nio/fs/WindowsException'{0x00000000a4c11228}> (0x00000000a4c11228) 
thrown [s\src\hotspot\share\prims\jni.cpp, line 537]
Event: 36.121 Thread 0x000001e257faaf60 Exception <a 'sun/nio/fs/WindowsException'{0x00000000a452f820}> (0x00000000a452f820) 
thrown [s\src\hotspot\share\prims\jni.cpp, line 537]
Event: 36.128 Thread 0x000001e25fb7b7d0 Exception <a 'sun/nio/fs/WindowsException'{0x00000000a4c1b610}> (0x00000000a4c1b610) 
thrown [s\src\hotspot\share\prims\jni.cpp, line 537]
Event: 36.131 Thread 0x000001e25fb7b7d0 Exception <a 'sun/nio/fs/WindowsException'{0x00000000a45b45c8}> (0x00000000a45b45c8) 
thrown [s\src\hotspot\share\prims\jni.cpp, line 537]
Event: 36.136 Thread 0x000001e25fb7b7d0 Exception <a 'sun/nio/fs/WindowsException'{0x00000000a45c3bf0}> (0x00000000a45c3bf0) 
thrown [s\src\hotspot\share\prims\jni.cpp, line 537]
Event: 36.136 Thread 0x000001e25fb7b7d0 Exception <a 'sun/nio/fs/WindowsException'{0x00000000a44b0eb0}> (0x00000000a44b0eb0) 
thrown [s\src\hotspot\share\prims\jni.cpp, line 537]
Event: 36.136 Thread 0x000001e25fb7b7d0 Exception <a 'sun/nio/fs/WindowsException'{0x00000000a44b7550}> (0x00000000a44b7550) 
thrown [s\src\hotspot\share\prims\jni.cpp, line 537]
Event: 36.137 Thread 0x000001e25fb7b7d0 Exception <a 'sun/nio/fs/WindowsException'{0x00000000a44be0c0}> (0x00000000a44be0c0) 
thrown [s\src\hotspot\share\prims\jni.cpp, line 537]
Event: 36.144 Thread 0x000001e25ee08df0 Exception <a 'sun/nio/fs/WindowsException'{0x00000000fffae308}> (0x00000000fffae308) 
thrown [s\src\hotspot\share\prims\jni.cpp, line 537]

ZGC Phase Switch (0 events):
No events

VM Operations (20 events):
Event: 34.178 Executing VM operation: HandshakeAllThreads (Deoptimize) done
Event: 34.194 Executing VM operation: HandshakeAllThreads (Deoptimize)
Event: 34.194 Executing VM operation: HandshakeAllThreads (Deoptimize) done
Event: 34.426 Executing VM operation: ICBufferFull
Event: 34.426 Executing VM operation: ICBufferFull done
Event: 34.662 Executing VM operation: HandshakeAllThreads (Deoptimize)
Event: 34.662 Executing VM operation: HandshakeAllThreads (Deoptimize) done
Event: 34.833 Executing VM operation: ICBufferFull
Event: 34.833 Executing VM operation: ICBufferFull done
Event: 35.029 Executing VM operation: G1CollectForAllocation (G1 Evacuation Pause)
Event: 35.095 Executing VM operation: G1CollectForAllocation (G1 Evacuation Pause) done
Event: 35.288 Executing VM operation: G1TryInitiateConcMark (G1 Humongous Allocation)
Event: 35.383 Executing VM operation: G1TryInitiateConcMark (G1 Humongous Allocation) done
Event: 35.384 Executing VM operation: G1TryInitiateConcMark (G1 Humongous Allocation)
Event: 35.438 Executing VM operation: G1TryInitiateConcMark (G1 Humongous Allocation) done
Event: 35.932 Executing VM operation: HandshakeAllThreads (Deoptimize)
Event: 35.933 Executing VM operation: HandshakeAllThreads (Deoptimize) done
Event: 36.098 Executing VM operation: ICBufferFull
Event: 36.098 Executing VM operation: ICBufferFull done
Event: 36.276 Executing VM operation: G1PauseRemark

Memory protections (0 events):
No events

Nmethod flushes (20 events):
Event: 36.302 Thread 0x000001e24f1f4050 flushing  nmethod 0x000001e23bd17990
Event: 36.302 Thread 0x000001e24f1f4050 flushing  nmethod 0x000001e24247ab10
Event: 36.302 Thread 0x000001e24f1f4050 flushing  nmethod 0x000001e242871d10
Event: 36.302 Thread 0x000001e24f1f4050 flushing  nmethod 0x000001e23a6da890
Event: 36.302 Thread 0x000001e24f1f4050 flushing  nmethod 0x000001e23b17fb10
Event: 36.302 Thread 0x000001e24f1f4050 flushing  nmethod 0x000001e23b181d90
Event: 36.302 Thread 0x000001e24f1f4050 flushing  nmethod 0x000001e23b183e90
Event: 36.302 Thread 0x000001e24f1f4050 flushing  nmethod 0x000001e23b2efb10
Event: 36.302 Thread 0x000001e24f1f4050 flushing  nmethod 0x000001e23b40f590
Event: 36.302 Thread 0x000001e24f1f4050 flushing  nmethod 0x000001e2428fc210
Event: 36.302 Thread 0x000001e24f1f4050 flushing  nmethod 0x000001e242904290
Event: 36.302 Thread 0x000001e24f1f4050 flushing  nmethod 0x000001e23a89cd90
Event: 36.302 Thread 0x000001e24f1f4050 flushing  nmethod 0x000001e23ab03e10
Event: 36.302 Thread 0x000001e24f1f4050 flushing  nmethod 0x000001e23af00290
Event: 36.302 Thread 0x000001e24f1f4050 flushing  nmethod 0x000001e23afc9490
Event: 36.302 Thread 0x000001e24f1f4050 flushing  nmethod 0x000001e23afd1d90
Event: 36.302 Thread 0x000001e24f1f4050 flushing  nmethod 0x000001e23b065510
Event: 36.302 Thread 0x000001e24f1f4050 flushing  nmethod 0x000001e23b4bb890
Event: 36.302 Thread 0x000001e24f1f4050 flushing  nmethod 0x000001e23b4bcb10
Event: 36.302 Thread 0x000001e24f1f4050 flushing  nmethod 0x000001e23b4bdf90

Events (20 events):
Event: 32.994 Thread 0x000001e25f2d6b70 Thread added: 0x000001e25f5df150
Event: 32.994 Thread 0x000001e25f2d6b70 Thread added: 0x000001e25f5df7e0
Event: 32.994 Thread 0x000001e25f2d6b70 Thread added: 0x000001e25f5de430
Event: 32.994 Thread 0x000001e25f2d6b70 Thread added: 0x000001e25f5dfe70
Event: 32.994 Thread 0x000001e25f2d6b70 Thread added: 0x000001e25f5deac0
Event: 32.994 Thread 0x000001e25f2d6b70 Thread added: 0x000001e25f5e0500
Event: 32.994 Thread 0x000001e25f2d6b70 Thread added: 0x000001e25f5e25d0
Event: 32.994 Thread 0x000001e25f2d6b70 Thread added: 0x000001e25f5dd710
Event: 34.947 Thread 0x000001e25f2d9ff0 Thread added: 0x000001e25ee07a40
Event: 35.278 Thread 0x000001e25fb7b7d0 Thread added: 0x000001e25ee08df0
Event: 35.279 Thread 0x000001e25ee08df0 Thread added: 0x000001e25e1e1180
Event: 35.280 Thread 0x000001e25e1e1180 Thread added: 0x000001e25ffd28e0
Event: 35.280 Thread 0x000001e25ffd28e0 Thread added: 0x000001e25ffd3600
Event: 35.280 Thread 0x000001e25ffd3600 Thread added: 0x000001e25f5e4010
Event: 35.280 Thread 0x000001e25f5e4010 Thread added: 0x000001e260624480
Event: 35.280 Thread 0x000001e260624480 Thread added: 0x000001e25fb79070
Event: 35.281 Thread 0x000001e25fb79070 Thread added: 0x000001e260624b10
Event: 35.281 Thread 0x000001e260624b10 Thread added: 0x000001e25fb7a420
Event: 35.281 Thread 0x000001e25fb7a420 Thread added: 0x000001e25ffd3c90
Event: 35.281 Thread 0x000001e25ffd3c90 Thread added: 0x000001e25e1dfdd0


Dynamic libraries:
0x00007ff634d90000 - 0x00007ff634d9a000 	C:\Program Files\Android\Android Studio\jbr\bin\java.exe
0x00007ffb43540000 - 0x00007ffb437a7000 	C:\WINDOWS\SYSTEM32\ntdll.dll
0x00007ffb42670000 - 0x00007ffb42739000 	C:\WINDOWS\System32\KERNEL32.DLL
0x00007ffb409f0000 - 0x00007ffb40de7000 	C:\WINDOWS\System32\KERNELBASE.dll
0x00007ffb41170000 - 0x00007ffb412bb000 	C:\WINDOWS\System32\ucrtbase.dll
0x00007ffb1cf70000 - 0x00007ffb1cf88000 	C:\Program Files\Android\Android Studio\jbr\bin\jli.dll
0x00007ffb42900000 - 0x00007ffb42ac6000 	C:\WINDOWS\System32\USER32.dll
0x00007ffaf00b0000 - 0x00007ffaf00cb000 	C:\Program Files\Android\Android Studio\jbr\bin\VCRUNTIME140.dll
0x00007ffb41140000 - 0x00007ffb41167000 	C:\WINDOWS\System32\win32u.dll
0x00007ffb41430000 - 0x00007ffb4145b000 	C:\WINDOWS\System32\GDI32.dll
0x00007ffb40df0000 - 0x00007ffb40f1c000 	C:\WINDOWS\System32\gdi32full.dll
0x00007ffb41090000 - 0x00007ffb41133000 	C:\WINDOWS\System32\msvcp_win.dll
0x00007ffb25b90000 - 0x00007ffb25e22000 	C:\WINDOWS\WinSxS\amd64_microsoft.windows.common-controls_6595b64144ccf1df_6.0.26100.8457_none_3e0b2faee331e92d\COMCTL32.dll
0x00007ffb42ad0000 - 0x00007ffb42b79000 	C:\WINDOWS\System32\msvcrt.dll
0x00007ffb42b80000 - 0x00007ffb42bb2000 	C:\WINDOWS\System32\IMM32.DLL
0x00007ffb32520000 - 0x00007ffb3252c000 	C:\Program Files\Android\Android Studio\jbr\bin\vcruntime140_1.dll
0x00007ffaf0740000 - 0x00007ffaf07cd000 	C:\Program Files\Android\Android Studio\jbr\bin\msvcp140.dll
0x00007ffa9be90000 - 0x00007ffa9cb26000 	C:\Program Files\Android\Android Studio\jbr\bin\server\jvm.dll
0x00007ffb41ea0000 - 0x00007ffb41f56000 	C:\WINDOWS\System32\ADVAPI32.dll
0x00007ffb41f60000 - 0x00007ffb42007000 	C:\WINDOWS\System32\sechost.dll
0x00007ffb42740000 - 0x00007ffb42858000 	C:\WINDOWS\System32\RPCRT4.dll
0x00007ffb42110000 - 0x00007ffb42190000 	C:\WINDOWS\System32\WS2_32.dll
0x00007ffb3fdd0000 - 0x00007ffb3fe2e000 	C:\WINDOWS\SYSTEM32\POWRPROF.dll
0x00007ffb384e0000 - 0x00007ffb384eb000 	C:\WINDOWS\SYSTEM32\VERSION.dll
0x00007ffb2eba0000 - 0x00007ffb2ebd6000 	C:\WINDOWS\SYSTEM32\WINMM.dll
0x00007ffb3fda0000 - 0x00007ffb3fdb4000 	C:\WINDOWS\SYSTEM32\UMPDC.dll
0x00007ffb3ecc0000 - 0x00007ffb3ecdb000 	C:\WINDOWS\SYSTEM32\kernel.appcore.dll
0x00007ffb21330000 - 0x00007ffb2133a000 	C:\Program Files\Android\Android Studio\jbr\bin\jimage.dll
0x00007ffb36240000 - 0x00007ffb36482000 	C:\WINDOWS\SYSTEM32\DBGHELP.DLL
0x00007ffb421a0000 - 0x00007ffb42523000 	C:\WINDOWS\System32\combase.dll
0x00007ffb412d0000 - 0x00007ffb413a9000 	C:\WINDOWS\System32\OLEAUT32.dll
0x00007ffb32990000 - 0x00007ffb329cb000 	C:\WINDOWS\SYSTEM32\dbgcore.DLL
0x00007ffb40fe0000 - 0x00007ffb41088000 	C:\WINDOWS\System32\bcryptPrimitives.dll
0x00007ffb35ef0000 - 0x00007ffb35efe000 	C:\Program Files\Android\Android Studio\jbr\bin\instrument.dll
0x00007ffaef860000 - 0x00007ffaef880000 	C:\Program Files\Android\Android Studio\jbr\bin\java.dll
0x00007ffaedb10000 - 0x00007ffaedb28000 	C:\Program Files\Android\Android Studio\jbr\bin\zip.dll
0x00007ffb41460000 - 0x00007ffb41bce000 	C:\WINDOWS\System32\SHELL32.dll
0x00007ffb3ff70000 - 0x00007ffb407dc000 	C:\WINDOWS\System32\windows.storage.dll
0x00007ffb42010000 - 0x00007ffb42106000 	C:\WINDOWS\System32\SHCORE.dll
0x00007ffb42f00000 - 0x00007ffb42f66000 	C:\WINDOWS\System32\shlwapi.dll
0x00007ffb3fe90000 - 0x00007ffb3feb9000 	C:\WINDOWS\SYSTEM32\profapi.dll
0x00007ffb1e3d0000 - 0x00007ffb1e3e0000 	C:\Program Files\Android\Android Studio\jbr\bin\net.dll
0x00007ffb399a0000 - 0x00007ffb39ac9000 	C:\WINDOWS\SYSTEM32\WINHTTP.dll
0x00007ffb3f210000 - 0x00007ffb3f27c000 	C:\WINDOWS\system32\mswsock.dll
0x00007ffaedac0000 - 0x00007ffaedad6000 	C:\Program Files\Android\Android Studio\jbr\bin\nio.dll
0x00007ffb169b0000 - 0x00007ffb169c0000 	C:\Program Files\Android\Android Studio\jbr\bin\verify.dll
0x00007ffb0adb0000 - 0x00007ffb0add7000 	C:\Users\jmedi\.gradle\native\660c5614fbf4a5f2a75b1949f50a0caf5cd603558e7d8a26e50b933a0cfb79d1\windows-amd64\native-platform.dll
0x00007ffaeffa0000 - 0x00007ffaf0017000 	C:\Users\jmedi\.gradle\native\0.2.8\x86_64-windows-gnu\gradle-fileevents.dll
0x00007ffb0ede0000 - 0x00007ffb0ede9000 	C:\Program Files\Android\Android Studio\jbr\bin\management.dll
0x00007ffb0e4b0000 - 0x00007ffb0e4bb000 	C:\Program Files\Android\Android Studio\jbr\bin\management_ext.dll
0x00007ffb41be0000 - 0x00007ffb41be8000 	C:\WINDOWS\System32\PSAPI.DLL
0x00007ffb3e6b0000 - 0x00007ffb3e6e2000 	C:\WINDOWS\SYSTEM32\IPHLPAPI.DLL
0x00007ffb41e90000 - 0x00007ffb41e9a000 	C:\WINDOWS\System32\NSI.dll
0x00007ffb0ee00000 - 0x00007ffb0ee09000 	C:\Program Files\Android\Android Studio\jbr\bin\extnet.dll
0x00007ffb3f610000 - 0x00007ffb3f62b000 	C:\WINDOWS\SYSTEM32\CRYPTSP.dll
0x00007ffb3ec20000 - 0x00007ffb3ec59000 	C:\WINDOWS\system32\rsaenh.dll
0x00007ffb3f2c0000 - 0x00007ffb3f2f3000 	C:\WINDOWS\SYSTEM32\USERENV.dll
0x00007ffb3fe60000 - 0x00007ffb3fe8a000 	C:\WINDOWS\SYSTEM32\bcrypt.dll
0x00007ffb3f470000 - 0x00007ffb3f47c000 	C:\WINDOWS\SYSTEM32\CRYPTBASE.dll
0x00007ffb165e0000 - 0x00007ffb165e8000 	C:\WINDOWS\system32\wshunix.dll
0x00007ffb3e740000 - 0x00007ffb3e872000 	C:\WINDOWS\SYSTEM32\DNSAPI.dll
0x00007ffb39950000 - 0x00007ffb3995b000 	C:\Windows\System32\rasadhlp.dll
0x00007ffb3a450000 - 0x00007ffb3a4d6000 	C:\WINDOWS\System32\fwpuclnt.dll

JVMTI agents:
C:\Users\jmedi\.gradle\wrapper\dists\gradle-9.2.1-bin\2t0n5ozlw9xmuyvbp7dnzaxug\gradle-9.2.1\lib\agents\gradle-instrumentation-agent-9.2.1.jar path:C:\Program Files\Android\Android Studio\jbr\bin\instrument.dll, loaded, initialized, instrumentlib options:none

dbghelp: loaded successfully - version: 4.0.5 - missing functions: none
symbol engine: initialized successfully - sym options: 0x614 - pdb path: .;C:\Program Files\Android\Android Studio\jbr\bin;C:\WINDOWS\SYSTEM32;C:\WINDOWS\WinSxS\amd64_microsoft.windows.common-controls_6595b64144ccf1df_6.0.26100.8457_none_3e0b2faee331e92d;C:\Program Files\Android\Android Studio\jbr\bin\server;C:\Users\jmedi\.gradle\native\660c5614fbf4a5f2a75b1949f50a0caf5cd603558e7d8a26e50b933a0cfb79d1\windows-amd64;C:\Users\jmedi\.gradle\native\0.2.8\x86_64-windows-gnu

VM Arguments:
jvm_args: --add-opens=java.base/java.lang=ALL-UNNAMED --add-opens=java.base/java.lang.invoke=ALL-UNNAMED --add-opens=java.base/java.util=ALL-UNNAMED --add-opens=java.prefs/java.util.prefs=ALL-UNNAMED --add-exports=jdk.compiler/com.sun.tools.javac.api=ALL-UNNAMED --add-exports=jdk.compiler/com.sun.tools.javac.util=ALL-UNNAMED --add-opens=java.base/java.util=ALL-UNNAMED --add-opens=java.prefs/java.util.prefs=ALL-UNNAMED --add-opens=java.base/java.nio.charset=ALL-UNNAMED --add-opens=java.base/java.net=ALL-UNNAMED --add-opens=java.base/java.util.concurrent=ALL-UNNAMED --add-opens=java.base/java.util.concurrent.atomic=ALL-UNNAMED --add-opens=java.xml/javax.xml.namespace=ALL-UNNAMED --add-opens=java.base/java.time=ALL-UNNAMED -Xmx2048m -Dfile.encoding=UTF-8 -Duser.country=MX -Duser.language=es -Duser.variant -javaagent:C:\Users\jmedi\.gradle\wrapper\dists\gradle-9.2.1-bin\2t0n5ozlw9xmuyvbp7dnzaxug\gradle-9.2.1\lib\agents\gradle-instrumentation-agent-9.2.1.jar 
java_command: org.gradle.launcher.daemon.bootstrap.GradleDaemon 9.2.1
java_class_path (initial): C:\Users\jmedi\.gradle\wrapper\dists\gradle-9.2.1-bin\2t0n5ozlw9xmuyvbp7dnzaxug\gradle-9.2.1\lib\gradle-daemon-main-9.2.1.jar
Launcher Type: SUN_STANDARD

[Global flags]
     intx CICompilerCount                          = 4                                         {product} {ergonomic}
     uint ConcGCThreads                            = 3                                         {product} {ergonomic}
     uint G1ConcRefinementThreads                  = 10                                        {product} {ergonomic}
   size_t G1HeapRegionSize                         = 1048576                                   {product} {ergonomic}
    uintx GCDrainStackTargetSize                   = 64                                        {product} {ergonomic}
   size_t InitialHeapSize                          = 121634816                                 {product} {ergonomic}
   size_t MarkStackSize                            = 4194304                                   {product} {ergonomic}
   size_t MaxHeapSize                              = 2147483648                                {product} {command line}
   size_t MaxNewSize                               = 1287651328                                {product} {ergonomic}
   size_t MinHeapDeltaBytes                        = 1048576                                   {product} {ergonomic}
   size_t MinHeapSize                              = 8388608                                   {product} {ergonomic}
    uintx NonNMethodCodeHeapSize                   = 5839372                                {pd product} {ergonomic}
    uintx NonProfiledCodeHeapSize                  = 122909434                              {pd product} {ergonomic}
    uintx ProfiledCodeHeapSize                     = 122909434                              {pd product} {ergonomic}
    uintx ReservedCodeCacheSize                    = 251658240                              {pd product} {ergonomic}
     bool SegmentedCodeCache                       = true                                      {product} {ergonomic}
   size_t SoftMaxHeapSize                          = 2147483648                             {manageable} {ergonomic}
     bool UseCompressedOops                        = true                           {product lp64_product} {ergonomic}
     bool UseG1GC                                  = true                                      {product} {ergonomic}
     bool UseLargePagesIndividualAllocation        = false                                  {pd product} {ergonomic}

Logging:
Log output configuration:
 #0: stdout all=warning uptime,level,tags foldmultilines=false
 #1: stderr all=off uptime,level,tags foldmultilines=false

Release file:
JAVA_VERSION="21.0.9" 
MODULES="java.base java.compiler java.datatransfer java.xml java.prefs java.desktop java.instrument java.logging java.management java.security.sasl java.naming java.rmi java.management.rmi java.net.http java.scripting java.security.jgss java.transaction.xa java.sql java.sql.rowset java.xml.crypto java.se java.smartcardio jdk.accessibility jdk.internal.jvmstat jdk.attach jdk.charsets jdk.internal.opt jdk.zipfs jdk.compiler jdk.crypto.ec jdk.crypto.cryptoki jdk.dynalink jdk.hotspot.agent jdk.httpserver jdk.internal.ed jdk.internal.le jdk.internal.vm.ci jdk.jartool jdk.javadoc jdk.jcmd jdk.jdeps jdk.jdwp.agent jdk.jdi jdk.jfr jdk.jlink jdk.jsobject jdk.localedata jdk.management jdk.management.agent jdk.management.jfr jdk.naming.dns jdk.naming.rmi jdk.net jdk.sctp jdk.security.auth jdk.security.jgss jdk.unsupported jdk.unsupported.desktop jdk.xml.dom" 
IMPLEMENTOR="JetBrains s.r.o." 
JAVA_RUNTIME_VERSION="21.0.9+-14649483-b1163.86" 
LIBC="default" 
OS_ARCH="x86_64" 
OS_NAME="Windows" 
SOURCE=".:git:554d0c326095" 

Environment Variables:
PATH=C:\Program Files\Common Files\Oracle\Java\javapath;C:\Python314\Scripts\;C:\Python314\;C:\Program Files\Python312\Scripts\;C:\Program Files\Python312\;C:\WINDOWS\system32;C:\WINDOWS;C:\WINDOWS\System32\Wbem;C:\WINDOWS\System32\WindowsPowerShell\v1.0\;C:\WINDOWS\System32\OpenSSH\;C:\Program Files\NVIDIA Corporation\NVIDIA App\NvDLISR;C:\Program Files (x86)\NVIDIA Corporation\PhysX\Common;C:\Program Files\dotnet\;C:\Program Files\Git\cmd;C:\Program Files\nodejs\;C:\ProgramData\chocolatey\bin;C:\Users\jmedi\.local\bin;C:\Users\jmedi\AppData\Local\Microsoft\WindowsApps;C:\Users\jmedi\AppData\Local\PowerToys\DSCModules\;C:\Users\jmedi\AppData\Local\Programs\Microsoft VS Code\bin;C:\Users\jmedi\AppData\Local\Python\bin;C:\Users\jmedi\AppData\Roaming\npm;C:\Users\jmedi\AppData\Local\gitkraken\bin;C:\Program Files\HP\OMEN-Broadcast\Common;C:\Program Files\Docker\Docker\resources\bin;C:\Program Files (x86)\HP\HP OCR\DB_Lib\;C:\Program Files\HP\Common\HPDestPlgIn\;C:\Program Files (x86)\HP\Common\HPDestPlgIn\;c:\Users\jmedi\AppData\Local\Programs\cursor\resources\app\codeBin;C:\Users\jmedi\.local\bin;C:\Users\jmedi\AppData\Local\Microsoft\WindowsApps;C:\Users\jmedi\AppData\Local\PowerToys\DSCModules\;C:\Users\jmedi\AppData\Local\Programs\Microsoft VS Code\bin;C:\Users\jmedi\AppData\Local\Python\bin;C:\Users\jmedi\AppData\Roaming\npm;C:\Users\jmedi\AppData\Local\gitkraken\bin;C:\Users\jmedi\AppData\Local\Programs\Ollama;C:\Program Files\JetBrains\IntelliJ IDEA 2026.1.1\bin;C:\Program Files\HP\Common\HPDestPlgIn\;C:\Program Files (x86)\HP\Common\HPDestPlgIn\;C:\Users\jmedi\AppData\Local\Programs\Antigravity IDE\bin
USERNAME=jmedi
OS=Windows_NT
PROCESSOR_IDENTIFIER=AMD64 Family 25 Model 117 Stepping 2, AuthenticAMD
TMP=C:\Users\jmedi\AppData\Local\Temp
TEMP=C:\Users\jmedi\AppData\Local\Temp




Periodic native trim disabled

JNI global refs:
JNI global refs: 28, weak refs: 25

JNI global refs memory usage: 835, weak refs: 833

Process memory usage:
Resident Set Size: 530644K (6% of 7585160K total physical memory with 305728K free physical memory)

OOME stack traces (most recent first):
Classloader memory used:
Loader org.gradle.internal.classloader.VisitableURLClassLoader$InstrumentingVisitableURLClassLoader: 58083K
Loader org.gradle.internal.classloader.VisitableURLClassLoader                         : 47984K
Loader bootstrap                                                                       : 34827K
Loader org.gradle.initialization.MixInLegacyTypesClassLoader                           : 14147K
Loader jdk.internal.loader.ClassLoaders$AppClassLoader                                 : 7549K
Loader jdk.internal.loader.ClassLoaders$PlatformClassLoader                            : 1013K
Loader jdk.internal.reflect.DelegatingClassLoader                                      : 570K
Loader jdk.internal.jrtfs.JrtFileSystemProvider$JrtFsLoader                            : 559K
Loader org.gradle.internal.classloader.VisitableURLClassLoader                         : 238K
Loader org.gradle.groovy.scripts.internal.DefaultScriptCompilationHandler$ScriptClassLoader: 128K

Classes loaded by more than one classloader:
Class Program                                                                         : loaded 5 times (x 72B)
Class jdk.internal.jimage.ImageStrings                                                : loaded 3 times (x 70B)
Class jdk.internal.jimage.ImageReader$Directory                                       : loaded 3 times (x 84B)
Class jdk.internal.jrtfs.JrtPath                                                      : loaded 3 times (x 118B)
Class jdk.internal.jimage.ImageBufferCache                                            : loaded 3 times (x 71B)
Class jdk.internal.jimage.BasicImageReader                                            : loaded 3 times (x 95B)
Class jdk.internal.jimage.decompressor.Decompressor                                   : loaded 3 times (x 72B)
Class jdk.internal.jimage.BasicImageReader$1                                          : loaded 3 times (x 77B)
Class jdk.internal.jimage.ImageReader$Node                                            : loaded 3 times (x 84B)
Class jdk.internal.jimage.ImageReader$SharedImageReader                               : loaded 3 times (x 95B)
Class jdk.internal.jimage.ImageReader                                                 : loaded 3 times (x 75B)
Class jdk.internal.jimage.ImageStringsReader                                          : loaded 3 times (x 80B)
Class Build_gradle                                                                    : loaded 3 times (x 126B)
Class jdk.internal.jimage.ImageHeader                                                 : loaded 3 times (x 71B)
Class jdk.internal.jimage.ImageBufferCache$2                                          : loaded 3 times (x 91B)
Class jdk.internal.jimage.ImageBufferCache$1                                          : loaded 3 times (x 83B)
Class jdk.internal.jimage.ImageLocation                                               : loaded 3 times (x 90B)
Class jdk.internal.jrtfs.JrtFileSystemProvider                                        : loaded 3 times (x 101B)
Class jdk.internal.jrtfs.JrtFileSystem                                                : loaded 3 times (x 102B)
Class [Lorg.objectweb.asm.Symbol;                                                     : loaded 2 times (x 69B)
Class org.objectweb.asm.ClassVisitor                                                  : loaded 2 times (x 88B)
Class com.google.common.collect.UnmodifiableListIterator                              : loaded 2 times (x 95B)
Class ijJvmDebugger1_1b4cpx0wmtrmk53vd0xd88wxn                                        : loaded 2 times (x 171B)
Class com.google.common.collect.MapMakerInternalMap$StrongKeyDummyValueEntry$LinkedStrongKeyDummyValueEntry: loaded 2 times (x 82B)
Class com.google.common.collect.MapMakerInternalMap$Strength                          : loaded 2 times (x 80B)
Class com.google.common.base.Platform$JdkPatternCompiler                              : loaded 2 times (x 75B)
Class org.objectweb.asm.MethodTooLargeException                                       : loaded 2 times (x 83B)
Class [Lcom.google.common.cache.CacheBuilder$OneWeigher;                              : loaded 2 times (x 69B)
Class com.google.common.base.Suppliers                                                : loaded 2 times (x 71B)
Class org.gradle.internal.classloader.DefaultClassLoaderFactory                       : loaded 2 times (x 82B)
Class [Lcom.google.common.collect.AbstractIterator$State;                             : loaded 2 times (x 69B)
Class com.google.common.base.CharMatcher$None                                         : loaded 2 times (x 112B)
Class ijKotlinCoroutineJvmDebugInit1_78pasdcx4b6x5w4bb6epu4bhi$_run_closure1$_closure2: loaded 2 times (x 139B)
Class org.gradle.internal.classloader.ClassLoaderVisitor                              : loaded 2 times (x 76B)
Class jdk.internal.jrtfs.ExplodedImage                                                : loaded 2 times (x 77B)
Class [Lcom.google.common.collect.ImmutableMapEntry;                                  : loaded 2 times (x 69B)
Class ijKotlinCoroutineJvmDebugInit1_78pasdcx4b6x5w4bb6epu4bhi                        : loaded 2 times (x 171B)
Class org.gradle.api.internal.classpath.EffectiveClassPath                            : loaded 2 times (x 90B)
Class [Lorg.apache.commons.io.StandardLineSeparator;                                  : loaded 2 times (x 69B)
Class org.apache.commons.io.output.StringBuilderWriter                                : loaded 2 times (x 100B)
Class com.google.common.collect.ListMultimap                                          : loaded 2 times (x 70B)
Class com.google.common.collect.ImmutableEnumMap                                      : loaded 2 times (x 126B)
Class com.google.common.base.Splitter                                                 : loaded 2 times (x 72B)
Class com.google.common.collect.Sets$1                                                : loaded 2 times (x 139B)
Class org.objectweb.asm.AnnotationVisitor                                             : loaded 2 times (x 78B)
Class org.gradle.api.internal.DefaultClassPathProvider                                : loaded 2 times (x 76B)
Class [Lcom.google.common.base.Function;                                              : loaded 2 times (x 69B)
Class com.google.common.collect.MapMakerInternalMap$Strength$1                        : loaded 2 times (x 80B)
Class com.google.common.collect.Maps$ViewCachingAbstractMap                           : loaded 2 times (x 125B)
Class com.google.common.collect.Sets$2                                                : loaded 2 times (x 139B)
Class [Lorg.gradle.api.internal.ClassPathProvider;                                    : loaded 2 times (x 69B)
Class org.gradle.api.internal.ClassPathProvider                                       : loaded 2 times (x 70B)
Class jdk.internal.jrtfs.SystemImage                                                  : loaded 2 times (x 74B)
Class com.google.common.collect.MapMakerInternalMap$Strength$2                        : loaded 2 times (x 80B)
Class com.google.common.base.AbstractIterator$State                                   : loaded 2 times (x 79B)
Class [Lorg.objectweb.asm.AnnotationVisitor;                                          : loaded 2 times (x 69B)
Class com.google.common.collect.Sets$3                                                : loaded 2 times (x 139B)
Class com.google.common.cache.LocalCache$LocalLoadingCache                            : loaded 2 times (x 134B)
Class org.gradle.internal.service.UnknownServiceException                             : loaded 2 times (x 83B)
Class com.google.common.io.ByteArrayDataInput                                         : loaded 2 times (x 70B)
Class com.google.common.collect.MapMakerInternalMap$StrongValueEntry                  : loaded 2 times (x 70B)
Class com.google.common.collect.Sets$4                                                : loaded 2 times (x 139B)
Class org.objectweb.asm.ModuleVisitor                                                 : loaded 2 times (x 81B)
Class com.google.common.cache.LocalCache$Strength$1                                   : loaded 2 times (x 81B)
Class com.google.common.collect.Collections2$FilteredCollection                       : loaded 2 times (x 119B)
Class org.apache.commons.io.output.QueueOutputStream                                  : loaded 2 times (x 87B)
Class com.google.common.util.concurrent.SettableFuture                                : loaded 2 times (x 114B)
Class com.google.common.cache.LocalCache$Strength$2                                   : loaded 2 times (x 81B)
Class jdk.internal.jrtfs.JrtFileStore                                                 : loaded 2 times (x 83B)
Class [Lcom.google.common.collect.Maps$EntryFunction;                                 : loaded 2 times (x 69B)
Class com.google.common.collect.TransformedIterator                                   : loaded 2 times (x 80B)
Class com.google.common.io.ByteStreams                                                : loaded 2 times (x 71B)
Class com.google.common.collect.Interners$InternerImpl                                : loaded 2 times (x 75B)
Class com.google.common.collect.Interner                                              : loaded 2 times (x 70B)
Class com.google.common.base.Splitter$1                                               : loaded 2 times (x 77B)
Class com.google.common.cache.LocalCache$Strength$3                                   : loaded 2 times (x 81B)
Class com.google.common.collect.MapDifference                                         : loaded 2 times (x 70B)
Class jdk.internal.jimage.ImageReader$LinkNode                                        : loaded 2 times (x 84B)
Class com.google.common.collect.MapMaker$Dummy                                        : loaded 2 times (x 79B)
Class org.objectweb.asm.FieldWriter                                                   : loaded 2 times (x 78B)
Class com.google.common.cache.CacheBuilder$NullListener                               : loaded 2 times (x 82B)
Class org.gradle.internal.classpath.TransformedClassPath                              : loaded 2 times (x 96B)
Class org.gradle.internal.classloader.InstrumentingClassLoader                        : loaded 2 times (x 70B)
Class jdk.internal.jrtfs.SystemImage$1                                                : loaded 2 times (x 78B)
Class com.google.common.collect.Maps$IteratorBasedAbstractMap$1                       : loaded 2 times (x 138B)
Class com.google.common.collect.ImmutableListMultimap                                 : loaded 2 times (x 176B)
Class org.apache.commons.io.output.UnsynchronizedByteArrayOutputStream                : loaded 2 times (x 102B)
Class com.google.common.cache.CacheLoader$FunctionToCacheLoader                       : loaded 2 times (x 75B)
Class com.google.common.collect.Iterators$ArrayItr                                    : loaded 2 times (x 97B)
Class com.google.common.collect.ImmutableCollection$Builder                           : loaded 2 times (x 76B)
Class jdk.internal.jrtfs.SystemImage$2                                                : loaded 2 times (x 76B)
Class com.google.common.collect.EmptyImmutableListMultimap                            : loaded 2 times (x 176B)
Class com.google.common.collect.BaseImmutableMultimap                                 : loaded 2 times (x 123B)
Class org.apache.commons.io.output.ByteArrayOutputStream                              : loaded 2 times (x 102B)
Class com.google.common.base.Joiner                                                   : loaded 2 times (x 79B)
Class com.google.common.base.MoreObjects                                              : loaded 2 times (x 71B)
Class com.google.common.collect.Platform                                              : loaded 2 times (x 71B)
Class [Lorg.objectweb.asm.Type;                                                       : loaded 2 times (x 69B)
Class com.google.common.collect.UnmodifiableIterator                                  : loaded 2 times (x 80B)
Class org.gradle.internal.service.ServiceLocator                                      : loaded 2 times (x 70B)
Class com.google.common.collect.RegularImmutableMap                                   : loaded 2 times (x 121B)
Class com.google.common.collect.HashBiMap$BiEntry                                     : loaded 2 times (x 83B)
Class com.google.common.base.Ascii                                                    : loaded 2 times (x 71B)
Class com.google.common.cache.LocalCache$1                                            : loaded 2 times (x 89B)
Class com.google.common.collect.SingletonImmutableBiMap                               : loaded 2 times (x 143B)
Class com.google.common.collect.Iterators$SingletonIterator                           : loaded 2 times (x 81B)
Class com.google.common.collect.AbstractMapEntry                                      : loaded 2 times (x 81B)
Class com.google.common.collect.MapMakerInternalMap$AbstractStrongKeyEntry            : loaded 2 times (x 80B)
Class com.google.common.collect.Sets$ImprovedAbstractSet                              : loaded 2 times (x 135B)
Class com.google.common.collect.ImmutableList$Builder                                 : loaded 2 times (x 77B)
Class com.google.common.collect.AbstractMultimap                                      : loaded 2 times (x 123B)
Class com.google.common.cache.LocalCache$2                                            : loaded 2 times (x 142B)
Class com.google.common.collect.RegularImmutableAsList                                : loaded 2 times (x 217B)
Class com.google.common.base.Optional                                                 : loaded 2 times (x 80B)
Class com.google.common.util.concurrent.AbstractFuture$Trusted                        : loaded 2 times (x 70B)
Class com.google.common.collect.Iterators                                             : loaded 2 times (x 71B)
Class jdk.internal.jrtfs.JrtDirectoryStream$1                                         : loaded 2 times (x 83B)
Class com.google.common.io.ByteArrayDataOutput                                        : loaded 2 times (x 70B)
Class com.google.common.io.ByteSink$AsCharSink                                        : loaded 2 times (x 80B)
Class com.google.common.collect.Lists$StringAsImmutableList                           : loaded 2 times (x 207B)
Class com.google.common.util.concurrent.UncheckedExecutionException                   : loaded 2 times (x 82B)
Class org.gradle.kotlin.dsl.VersionCatalogAccessorsKt                                 : loaded 2 times (x 71B)
Class org.gradle.api.internal.classpath.ManifestUtil                                  : loaded 2 times (x 71B)
Class com.google.common.collect.AbstractMapBasedMultimap$KeySet$1                     : loaded 2 times (x 82B)
Class org.objectweb.asm.ClassWriter                                                   : loaded 2 times (x 106B)
Class com.google.common.base.CharMatcher$And                                          : loaded 2 times (x 112B)
Class com.google.common.cache.CacheLoader$UnsupportedLoadingOperationException        : loaded 2 times (x 82B)
Class org.gradle.internal.classloader.ClasspathUtil$1                                 : loaded 2 times (x 76B)
Class com.google.common.collect.ImmutableList$1                                       : loaded 2 times (x 97B)
Class com.google.common.collect.FluentIterable$1                                      : loaded 2 times (x 81B)
Class com.google.common.base.Objects                                                  : loaded 2 times (x 71B)
Class org.objectweb.asm.FieldVisitor                                                  : loaded 2 times (x 77B)
Class com.google.common.collect.IndexedImmutableSet                                   : loaded 2 times (x 152B)
Class com.google.common.collect.ImmutableMap$1                                        : loaded 2 times (x 81B)
Class com.google.common.collect.BiMap                                                 : loaded 2 times (x 70B)
Class org.gradle.api.internal.classpath.DefaultModuleRegistry$DefaultModule           : loaded 2 times (x 86B)
Class com.google.common.base.Absent                                                   : loaded 2 times (x 80B)
Class com.google.common.collect.FluentIterable$2                                      : loaded 2 times (x 81B)
Class com.google.common.primitives.Ints                                               : loaded 2 times (x 71B)
Class com.google.common.collect.AbstractIterator                                      : loaded 2 times (x 82B)
Class ijJvmDebugger1_1b4cpx0wmtrmk53vd0xd88wxn$_run_closure1$_closure2                : loaded 2 times (x 140B)
Class com.google.common.collect.FluentIterable$3                                      : loaded 2 times (x 81B)
Class com.google.common.collect.ObjectArrays                                          : loaded 2 times (x 71B)
Class com.google.common.math.MathPreconditions                                        : loaded 2 times (x 71B)
Class com.google.common.collect.Multiset                                              : loaded 2 times (x 70B)
Class com.google.common.collect.ArrayListMultimapGwtSerializationDependencies         : loaded 2 times (x 172B)
Class com.google.common.collect.AbstractIndexedListIterator                           : loaded 2 times (x 96B)
Class org.apache.commons.io.output.NullOutputStream                                   : loaded 2 times (x 85B)
Class com.google.common.collect.ImmutableMapEntrySet                                  : loaded 2 times (x 152B)
Class org.gradle.api.internal.classpath.Module                                        : loaded 2 times (x 70B)
Class com.google.common.cache.Weigher                                                 : loaded 2 times (x 70B)
Class org.gradle.api.internal.classpath.UnknownModuleException                        : loaded 2 times (x 82B)
Class com.google.common.util.concurrent.ExecutionError                                : loaded 2 times (x 82B)
Class com.google.common.base.Stopwatch                                                : loaded 2 times (x 72B)
Class com.google.common.cache.LocalCache$Strength                                     : loaded 2 times (x 81B)
Class com.google.common.cache.Cache                                                   : loaded 2 times (x 70B)
Class com.google.common.io.AppendableWriter                                           : loaded 2 times (x 100B)
Class com.google.common.base.NullnessCasts                                            : loaded 2 times (x 71B)
Class com.google.common.util.concurrent.AbstractFuture$Cancellation                   : loaded 2 times (x 72B)
Class com.google.common.collect.ImmutableMap$Builder                                  : loaded 2 times (x 82B)
Class com.google.common.collect.Maps$EntryFunction$1                                  : loaded 2 times (x 91B)
Class com.google.common.base.Present                                                  : loaded 2 times (x 81B)
Class com.google.common.cache.RemovalListener                                         : loaded 2 times (x 70B)
Class org.gradle.api.internal.DefaultClassPathRegistry                                : loaded 2 times (x 76B)
Class com.google.common.collect.Maps$EntryFunction$2                                  : loaded 2 times (x 91B)
Class com.google.common.collect.ImmutableMultimap$Keys                                : loaded 2 times (x 166B)
Class com.google.common.primitives.IntsMethodsForWeb                                  : loaded 2 times (x 71B)
Class com.google.common.collect.Multimap                                              : loaded 2 times (x 70B)
Class org.gradle.api.internal.ClassPathRegistry                                       : loaded 2 times (x 70B)
Class org.gradle.internal.classpath.DefaultClassPath$ImmutableUniqueList              : loaded 2 times (x 199B)
Class com.google.common.collect.NullnessCasts                                         : loaded 2 times (x 71B)
Class com.google.common.collect.MapMakerInternalMap$Segment                           : loaded 2 times (x 142B)
Class com.google.common.base.ExtraObjectsMethodsForWeb                                : loaded 2 times (x 71B)
Class org.apache.commons.io.IOUtils                                                   : loaded 2 times (x 71B)
Class com.google.common.collect.ImmutableEnumSet                                      : loaded 2 times (x 146B)
Class com.google.common.io.ByteSink                                                   : loaded 2 times (x 76B)
Class com.google.common.cache.CacheBuilder                                            : loaded 2 times (x 72B)
Class com.google.common.collect.SingletonImmutableList                                : loaded 2 times (x 207B)
Class Settings_gradle$1                                                               : loaded 2 times (x 74B)
Class org.gradle.internal.classpath.ClassPath                                         : loaded 2 times (x 70B)
Class com.google.common.collect.Interners$InternerBuilder                             : loaded 2 times (x 76B)
Class com.google.common.io.Files$FileByteSource                                       : loaded 2 times (x 85B)
Class com.google.common.base.JdkPattern                                               : loaded 2 times (x 75B)
Class com.google.common.collect.ImmutableList$ReverseImmutableList                    : loaded 2 times (x 209B)
Class com.google.common.io.CharStreams$NullWriter                                     : loaded 2 times (x 99B)
Class org.objectweb.asm.SymbolTable$Entry                                             : loaded 2 times (x 74B)
Class com.google.common.collect.AbstractMapBasedMultimap$WrappedCollection            : loaded 2 times (x 124B)
Class org.objectweb.asm.Edge                                                          : loaded 2 times (x 72B)
Class com.google.common.base.Suppliers$SupplierOfInstance                             : loaded 2 times (x 79B)
Class com.google.common.collect.Iterators$1                                           : loaded 2 times (x 81B)
Class com.google.common.cache.LocalCache$ComputingValueReference                      : loaded 2 times (x 96B)
Class com.google.common.collect.SingletonImmutableSet                                 : loaded 2 times (x 146B)
Class com.google.common.collect.ImmutableMap$IteratorBasedImmutableMap                : loaded 2 times (x 126B)
Class org.gradle.internal.classloader.ClassLoaderHierarchy                            : loaded 2 times (x 70B)
Class com.google.common.collect.AbstractMapBasedMultimap$AsMap$AsMapEntries           : loaded 2 times (x 138B)
Class com.google.common.cache.LocalCache$Segment                                      : loaded 2 times (x 154B)
Class com.google.common.base.CharMatcher$IsEither                                     : loaded 2 times (x 111B)
Class com.google.common.collect.AbstractListMultimap                                  : loaded 2 times (x 172B)
Class [Lorg.objectweb.asm.SymbolTable$Entry;                                          : loaded 2 times (x 69B)
Class com.google.common.cache.CacheLoader                                             : loaded 2 times (x 74B)
Class com.google.common.collect.Iterators$4                                           : loaded 2 times (x 82B)
Class com.google.common.collect.ImmutableBiMap                                        : loaded 2 times (x 143B)
Class org.gradle.api.internal.classpath.ModuleRegistry                                : loaded 2 times (x 70B)
Class org.gradle.internal.installation.GradleInstallation$1                           : loaded 2 times (x 75B)
Class com.google.common.base.Splitter$SplittingIterator                               : loaded 2 times (x 84B)
Class org.apache.commons.io.output.NullWriter                                         : loaded 2 times (x 99B)
Class com.google.common.collect.ImmutableSet$JdkBackedSetBuilderImpl                  : loaded 2 times (x 76B)
Class com.google.common.util.concurrent.internal.InternalFutureFailureAccess          : loaded 2 times (x 72B)
Class com.google.common.collect.Iterators$5                                           : loaded 2 times (x 82B)
Class com.google.common.collect.Iterators$6                                           : loaded 2 times (x 81B)
Class com.google.common.collect.ImmutableMultimap$Values                              : loaded 2 times (x 126B)
Class com.google.common.collect.HashBiMap$Inverse                                     : loaded 2 times (x 142B)
Class com.google.common.base.CharMatcher$ForPredicate                                 : loaded 2 times (x 112B)
Class com.google.common.cache.LocalCache$LocalManualCache$1                           : loaded 2 times (x 75B)
Class [Lcom.google.common.base.AbstractIterator$State;                                : loaded 2 times (x 69B)
Class com.google.common.base.CharMatcher$AnyOf                                        : loaded 2 times (x 112B)
Class com.google.common.collect.ImmutableCollection                                   : loaded 2 times (x 125B)
Class org.gradle.api.internal.classpath.DefaultModuleRegistry                         : loaded 2 times (x 86B)
Class com.google.common.io.FileWriteMode                                              : loaded 2 times (x 79B)
Class com.google.common.collect.Lists                                                 : loaded 2 times (x 71B)
Class com.google.common.util.concurrent.ListenableFuture                              : loaded 2 times (x 70B)
Class com.google.common.cache.ReferenceEntry                                          : loaded 2 times (x 70B)
Class com.google.common.base.Converter                                                : loaded 2 times (x 90B)
Class com.google.common.collect.ImmutableSet$CachingAsList                            : loaded 2 times (x 148B)
Class jdk.internal.jimage.BasicImageReader$2                                          : loaded 2 times (x 77B)
Class com.google.common.collect.AbstractMapBasedMultimap                              : loaded 2 times (x 139B)
Class com.google.common.util.concurrent.AbstractFuture                                : loaded 2 times (x 106B)
Class com.google.common.base.FunctionalEquivalence                                    : loaded 2 times (x 83B)
Class com.google.common.collect.Iterators$9                                           : loaded 2 times (x 81B)
Class com.google.common.collect.ImmutableAsList                                       : loaded 2 times (x 209B)
Class com.google.common.io.CharStreams                                                : loaded 2 times (x 71B)
Class com.google.common.collect.ImmutableMultiset                                     : loaded 2 times (x 163B)
Class org.objectweb.asm.RecordComponentVisitor                                        : loaded 2 times (x 77B)
Class com.google.common.cache.CacheLoader$SupplierToCacheLoader                       : loaded 2 times (x 75B)
Class [Lcom.google.common.collect.MapMakerInternalMap$Segment;                        : loaded 2 times (x 69B)
Class jdk.internal.jimage.ImageReader$Resource                                        : loaded 2 times (x 84B)
Class com.google.common.collect.Maps$EntryTransformer                                 : loaded 2 times (x 70B)
Class org.gradle.internal.service.ServiceLookupException                              : loaded 2 times (x 82B)
Class jdk.internal.jrtfs.JrtFileAttributes                                            : loaded 2 times (x 83B)
Class com.google.common.collect.Lists$ReverseList                                     : loaded 2 times (x 200B)
Class [Lcom.google.common.cache.LocalCache$EntryFactory;                              : loaded 2 times (x 69B)
Class org.gradle.internal.classloader.ClassLoaderFactory                              : loaded 2 times (x 70B)
Class org.apache.commons.io.CloseableURLConnection                                    : loaded 2 times (x 116B)
Class com.google.common.base.CommonPattern                                            : loaded 2 times (x 74B)
Class com.google.common.base.CharMatcher$IsNot                                        : loaded 2 times (x 111B)
Class com.google.common.cache.LocalCache$LocalManualCache                             : loaded 2 times (x 99B)
Class org.gradle.internal.service.CachingServiceLocator                               : loaded 2 times (x 82B)
Class com.google.common.collect.AbstractMapBasedMultimap$KeySet                       : loaded 2 times (x 137B)
Class com.google.common.math.IntMath                                                  : loaded 2 times (x 71B)
Class com.google.common.collect.MapMakerInternalMap$InternalEntry                     : loaded 2 times (x 70B)
Class [Lcom.google.common.collect.HashBiMap$BiEntry;                                  : loaded 2 times (x 69B)
Class com.google.common.collect.ImmutableMapEntry                                     : loaded 2 times (x 85B)
Class com.google.common.base.Predicates                                               : loaded 2 times (x 71B)
Class com.google.common.collect.ImmutableMultimap                                     : loaded 2 times (x 147B)
Class com.google.common.base.Equivalence                                              : loaded 2 times (x 82B)
Class com.google.common.base.Function                                                 : loaded 2 times (x 70B)
Class com.google.common.collect.ImmutableMapEntry$NonTerminalImmutableMapEntry        : loaded 2 times (x 85B)
Class com.google.common.collect.IndexedImmutableSet$1                                 : loaded 2 times (x 213B)
Class org.apache.commons.io.output.AbstractByteArrayOutputStream                      : loaded 2 times (x 102B)
Class com.google.common.cache.CacheBuilder$OneWeigher                                 : loaded 2 times (x 82B)
Class com.google.common.collect.RegularImmutableList                                  : loaded 2 times (x 213B)
Class org.gradle.internal.classloader.FilteringClassLoader                            : loaded 2 times (x 105B)
Class com.google.common.collect.RegularImmutableMap$KeySet                            : loaded 2 times (x 152B)
Class com.google.common.collect.Maps$EntryFunction                                    : loaded 2 times (x 91B)
Class org.gradle.internal.classloader.ClasspathUtil                                   : loaded 2 times (x 71B)
Class com.google.common.util.concurrent.Uninterruptibles                              : loaded 2 times (x 71B)
Class com.google.common.util.concurrent.LazyLogger                                    : loaded 2 times (x 72B)
Class com.google.common.collect.Maps                                                  : loaded 2 times (x 71B)
Class org.gradle.api.specs.Spec                                                       : loaded 2 times (x 70B)
Class jdk.internal.jimage.ImageReader$SharedImageReader$LocationVisitor               : loaded 2 times (x 70B)
Class com.google.common.collect.MapMaker                                              : loaded 2 times (x 72B)
Class [Lcom.google.common.collect.ImmutableEntry;                                     : loaded 2 times (x 69B)
Class com.google.common.cache.LocalCache$LoadingValueReference                        : loaded 2 times (x 96B)
Class com.google.common.collect.MapMakerInternalMap$StrongKeyDummyValueEntry          : loaded 2 times (x 82B)
Class com.google.common.io.LineReader$1                                               : loaded 2 times (x 75B)
Class com.google.common.collect.CollectSpliterators                                   : loaded 2 times (x 71B)
Class com.google.common.collect.AbstractMapBasedMultimap$AsMap                        : loaded 2 times (x 128B)
Class com.google.common.base.Platform                                                 : loaded 2 times (x 71B)
Class com.google.common.base.Equivalence$Identity                                     : loaded 2 times (x 82B)
Class com.google.common.collect.AbstractMapBasedMultimap$WrappedList                  : loaded 2 times (x 205B)
Class [Lorg.objectweb.asm.AnnotationWriter;                                           : loaded 2 times (x 69B)
Class com.google.common.collect.Maps$8                                                : loaded 2 times (x 82B)
Class com.google.common.base.Predicates$CompositionPredicate                          : loaded 2 times (x 88B)
Class com.google.common.collect.Lists$ReverseList$1                                   : loaded 2 times (x 99B)
Class com.google.common.collect.Sets$SetView                                          : loaded 2 times (x 138B)
Class com.google.common.cache.LocalCache$StrongValueReference                         : loaded 2 times (x 90B)
Class com.google.common.graph.SuccessorsFunction                                      : loaded 2 times (x 70B)
Class org.objectweb.asm.Type                                                          : loaded 2 times (x 72B)
Class org.gradle.internal.classloader.VisitableURLClassLoader$InstrumentingVisitableURLClassLoader: loaded 2 times (x 123B)
Class com.google.common.collect.MapMakerInternalMap$StrongKeyDummyValueEntry$Helper   : loaded 2 times (x 79B)
Class com.google.common.io.Files$FileByteSink                                         : loaded 2 times (x 77B)
Class com.google.common.math.IntMath$1                                                : loaded 2 times (x 71B)
Class org.objectweb.asm.ByteVector                                                    : loaded 2 times (x 79B)
Class [Lcom.google.common.cache.CacheBuilder$NullListener;                            : loaded 2 times (x 69B)
Class org.gradle.internal.classloader.VisitableURLClassLoader$Spec                    : loaded 2 times (x 74B)
Class org.gradle.internal.classpath.DefaultClassPath                                  : loaded 2 times (x 90B)
Class com.google.common.base.AbstractIterator                                         : loaded 2 times (x 80B)
Class org.objectweb.asm.Symbol                                                        : loaded 2 times (x 73B)
Class com.google.common.collect.Sets$FilteredSet                                      : loaded 2 times (x 137B)
Class com.google.common.io.Closer                                                     : loaded 2 times (x 78B)
Class com.google.common.io.Java8Compatibility                                         : loaded 2 times (x 71B)
Class com.google.common.base.CharMatcher$BitSetMatcher                                : loaded 2 times (x 112B)
Class com.google.common.collect.ImmutableSet                                          : loaded 2 times (x 145B)
Class com.google.common.collect.RegularImmutableMap$Values                            : loaded 2 times (x 207B)
Class org.gradle.internal.classloader.ClassLoaderSpec                                 : loaded 2 times (x 71B)
Class org.objectweb.asm.AnnotationWriter                                              : loaded 2 times (x 79B)
Class com.google.common.cache.CacheStats                                              : loaded 2 times (x 71B)
Class com.google.common.collect.Interners                                             : loaded 2 times (x 71B)
Class com.google.common.io.Closer$Suppressor                                          : loaded 2 times (x 70B)
Class com.google.common.io.LineProcessor                                              : loaded 2 times (x 70B)
Class com.google.common.collect.ImmutableMultisetGwtSerializationDependencies         : loaded 2 times (x 125B)
Class org.objectweb.asm.RecordComponentWriter                                         : loaded 2 times (x 78B)
Class com.google.common.util.concurrent.AbstractFuture$Listener                       : loaded 2 times (x 72B)
Class com.google.common.base.CharMatcher$Or                                           : loaded 2 times (x 112B)
Class Settings_gradle$1$1                                                             : loaded 2 times (x 74B)
Class org.objectweb.asm.Attribute                                                     : loaded 2 times (x 77B)
Class com.google.common.base.Supplier                                                 : loaded 2 times (x 70B)
Class org.gradle.internal.classloader.VisitableURLClassLoader                         : loaded 2 times (x 117B)
Class com.google.common.collect.ImmutableList$SerializedForm                          : loaded 2 times (x 73B)
Class Settings_gradle                                                                 : loaded 2 times (x 124B)
Class org.gradle.internal.Cast                                                        : loaded 2 times (x 71B)
Class org.gradle.api.Action                                                           : loaded 2 times (x 70B)
Class com.google.common.collect.MapMakerInternalMap                                   : loaded 2 times (x 161B)
Class com.google.common.collect.HashBiMap                                             : loaded 2 times (x 143B)
Class com.google.common.base.Strings                                                  : loaded 2 times (x 71B)
Class com.google.common.collect.Sets                                                  : loaded 2 times (x 71B)
Class org.objectweb.asm.Handler                                                       : loaded 2 times (x 72B)
Class com.google.common.base.CharMatcher$FastMatcher                                  : loaded 2 times (x 111B)
Class com.google.common.base.Ticker                                                   : loaded 2 times (x 72B)
Class [Lcom.google.common.cache.LocalCache$Segment;                                   : loaded 2 times (x 69B)
Class com.google.common.base.Predicate                                                : loaded 2 times (x 70B)
Class [Lcom.google.common.cache.LocalCache$Strength;                                  : loaded 2 times (x 69B)
Class com.google.common.cache.CacheBuilder$1                                          : loaded 2 times (x 85B)
Class com.google.common.collect.ImmutableMap                                          : loaded 2 times (x 120B)
Class org.gradle.internal.classpath.DefaultClassPath$ImmutableUniqueList$Builder      : loaded 2 times (x 75B)
Class com.google.common.collect.MapMakerInternalMap$WeakValueReference                : loaded 2 times (x 70B)
Class com.google.common.base.CharMatcher$NegatedFastMatcher                           : loaded 2 times (x 113B)
Class com.google.common.cache.LocalCache                                              : loaded 2 times (x 187B)
Class com.google.common.cache.CacheBuilder$2                                          : loaded 2 times (x 79B)
Class com.google.common.collect.ArrayListMultimap                                     : loaded 2 times (x 172B)
Class com.google.common.cache.CacheBuilder$3                                          : loaded 2 times (x 72B)
Class [Lcom.google.common.collect.AbstractMapEntry;                                   : loaded 2 times (x 69B)
Class com.google.common.collect.ImmutableEntry                                        : loaded 2 times (x 82B)
Class org.gradle.api.GradleException                                                  : loaded 2 times (x 82B)
Class com.google.common.base.PairwiseEquivalence                                      : loaded 2 times (x 83B)
Class com.google.common.base.Suppliers$MemoizingSupplier                              : loaded 2 times (x 79B)
Class org.apache.commons.io.StandardLineSeparator                                     : loaded 2 times (x 79B)
Class com.google.common.collect.CollectPreconditions                                  : loaded 2 times (x 71B)
Class ijKotlinCoroutineJvmDebugInit1_78pasdcx4b6x5w4bb6epu4bhi$_run_closure1          : loaded 2 times (x 139B)
Class com.google.common.collect.Maps$AbstractFilteredMap                              : loaded 2 times (x 127B)
Class [Lcom.google.common.collect.MapMakerInternalMap$Strength;                       : loaded 2 times (x 69B)
Class [Lcom.google.common.io.FileWriteMode;                                           : loaded 2 times (x 69B)
Class com.google.common.collect.SortedMapDifference                                   : loaded 2 times (x 70B)
Class com.google.common.collect.MapMakerInternalMap$StrongKeyDummyValueSegment        : loaded 2 times (x 142B)
Class com.google.common.collect.Iterables$4                                           : loaded 2 times (x 81B)
Class com.google.common.io.Files                                                      : loaded 2 times (x 71B)
Class com.google.common.cache.LocalCache$EntryFactory                                 : loaded 2 times (x 83B)
Class com.google.common.collect.Iterables$5                                           : loaded 2 times (x 81B)
Class [Lcom.google.common.collect.MapMaker$Dummy;                                     : loaded 2 times (x 69B)
Class com.google.common.base.CharMatcher$Whitespace                                   : loaded 2 times (x 112B)
Class com.google.common.cache.LocalCache$AbstractReferenceEntry                       : loaded 2 times (x 107B)
Class org.gradle.internal.IoActions                                                   : loaded 2 times (x 71B)
Class com.google.common.collect.ImmutableMapKeySet                                    : loaded 2 times (x 152B)
Class org.objectweb.asm.SymbolTable                                                   : loaded 2 times (x 72B)
Class com.google.common.cache.CacheLoader$InvalidCacheLoadException                   : loaded 2 times (x 82B)
Class com.google.common.collect.ImmutableSet$RegularSetBuilderImpl                    : loaded 2 times (x 77B)
Class org.gradle.internal.classloader.SystemClassLoaderSpec                           : loaded 2 times (x 71B)
Class com.google.common.collect.FluentIterable                                        : loaded 2 times (x 81B)
Class com.google.common.cache.LocalCache$StrongEntry                                  : loaded 2 times (x 108B)
Class com.google.common.util.concurrent.AbstractFuture$TrustedFuture                  : loaded 2 times (x 114B)
Class com.google.common.cache.LoadingCache                                            : loaded 2 times (x 70B)
Class com.google.common.collect.ImmutableMap$MapViewOfValuesAsSingletonSets           : loaded 2 times (x 126B)
Class com.google.common.io.ByteStreams$LimitedInputStream                             : loaded 2 times (x 92B)
Class com.google.common.base.Suppliers$NonSerializableMemoizingSupplier               : loaded 2 times (x 79B)
Class org.objectweb.asm.MethodWriter                                                  : loaded 2 times (x 106B)
Class [Lcom.google.common.cache.Weigher;                                              : loaded 2 times (x 69B)
Class com.google.common.collect.RegularImmutableMap$BucketOverflowException           : loaded 2 times (x 82B)
Class com.google.common.collect.ImmutableMultimap$1                                   : loaded 2 times (x 82B)
Class com.google.common.collect.AbstractMapBasedMultimap$RandomAccessWrappedList      : loaded 2 times (x 205B)
Class com.google.common.collect.AbstractIterator$State                                : loaded 2 times (x 79B)
Class com.google.common.collect.ImmutableMultimap$2                                   : loaded 2 times (x 81B)
Class com.google.common.base.CharMatcher$Negated                                      : loaded 2 times (x 113B)
Class com.google.common.base.CharMatcher$Is                                           : loaded 2 times (x 111B)
Class com.google.common.cache.LocalCache$ValueReference                               : loaded 2 times (x 70B)
Class com.google.common.collect.RegularImmutableBiMap                                 : loaded 2 times (x 149B)
Class com.google.common.hash.PrimitiveSink                                            : loaded 2 times (x 70B)
Class com.google.common.base.PatternCompiler                                          : loaded 2 times (x 70B)
Class com.google.common.util.concurrent.AbstractFuture$Failure                        : loaded 2 times (x 72B)
Class com.google.common.base.Equivalence$Equals                                       : loaded 2 times (x 82B)
Class com.google.common.collect.Hashing                                               : loaded 2 times (x 71B)
Class com.google.common.base.Preconditions                                            : loaded 2 times (x 71B)
Class com.google.common.io.CharSink                                                   : loaded 2 times (x 79B)
Class com.google.common.base.Joiner$1                                                 : loaded 2 times (x 80B)
Class org.objectweb.asm.Label                                                         : loaded 2 times (x 73B)
Class org.objectweb.asm.CurrentFrame                                                  : loaded 2 times (x 73B)
Class org.objectweb.asm.ClassTooLargeException                                        : loaded 2 times (x 83B)
Class com.google.common.base.CharMatcher                                              : loaded 2 times (x 111B)
Class com.google.common.collect.PeekingIterator                                       : loaded 2 times (x 70B)
Class com.google.common.collect.Table                                                 : loaded 2 times (x 70B)
Class com.google.common.collect.MapMakerInternalMap$InternalEntryHelper               : loaded 2 times (x 70B)
Class com.google.common.collect.Maps$IteratorBasedAbstractMap                         : loaded 2 times (x 125B)
Class com.google.common.base.Joiner$2                                                 : loaded 2 times (x 79B)
Class org.objectweb.asm.Frame                                                         : loaded 2 times (x 73B)
Class org.objectweb.asm.MethodVisitor                                                 : loaded 2 times (x 105B)
Class com.google.common.base.CharMatcher$1                                            : loaded 2 times (x 113B)
Class com.google.common.base.CharMatcher$NamedFastMatcher                             : loaded 2 times (x 112B)
Class com.google.common.cache.LocalCache$EntryFactory$1                               : loaded 2 times (x 83B)
Class [Lcom.google.common.cache.RemovalListener;                                      : loaded 2 times (x 69B)
Class com.google.common.cache.LocalCache$EntryFactory$2                               : loaded 2 times (x 83B)
Class org.gradle.api.internal.classpath.GlobalCacheRootsProvider                      : loaded 2 times (x 70B)
Class org.objectweb.asm.ModuleWriter                                                  : loaded 2 times (x 82B)
Class com.google.common.cache.LocalCache$EntryFactory$3                               : loaded 2 times (x 83B)
Class com.google.common.base.Ticker$1                                                 : loaded 2 times (x 72B)
Class com.google.common.collect.Maps$BiMapConverter                                   : loaded 2 times (x 90B)
Class com.google.common.collect.ImmutableMapEntrySet$RegularEntrySet                  : loaded 2 times (x 152B)
Class com.google.common.collect.CollectSpliterators$1                                 : loaded 2 times (x 90B)
Class com.google.common.collect.ImmutableSet$Builder                                  : loaded 2 times (x 85B)
Class com.google.common.base.CharMatcher$InRange                                      : loaded 2 times (x 111B)
Class com.google.common.cache.LocalCache$EntryFactory$4                               : loaded 2 times (x 83B)
Class Settings_gradle$1$1$1                                                           : loaded 2 times (x 74B)
Class com.google.common.io.ByteStreams$1                                              : loaded 2 times (x 85B)
Class com.google.common.cache.LocalCache$EntryFactory$5                               : loaded 2 times (x 83B)
Class com.google.common.io.LineReader                                                 : loaded 2 times (x 72B)
Class org.apache.commons.io.output.AppendableWriter                                   : loaded 2 times (x 100B)
Class com.google.common.cache.LocalCache$EntryFactory$6                               : loaded 2 times (x 83B)
Class org.gradle.internal.installation.CurrentGradleInstallationLocator               : loaded 2 times (x 71B)
Class com.google.common.collect.ImmutableMultimap$Builder                             : loaded 2 times (x 86B)
Class org.apache.commons.io.output.ThresholdingOutputStream                           : loaded 2 times (x 95B)
Class com.google.common.collect.Maps$KeySet                                           : loaded 2 times (x 137B)
Class com.google.common.collect.ImmutableSet$EmptySetBuilderImpl                      : loaded 2 times (x 76B)
Class com.google.common.cache.LocalCache$EntryFactory$7                               : loaded 2 times (x 83B)
Class com.google.common.collect.ImmutableList                                         : loaded 2 times (x 206B)
Class ijJvmDebugger1_1b4cpx0wmtrmk53vd0xd88wxn$_run_closure1                          : loaded 2 times (x 139B)
Class org.gradle.internal.service.DefaultServiceLocator                               : loaded 2 times (x 83B)
Class jdk.internal.jrtfs.JrtDirectoryStream                                           : loaded 2 times (x 89B)
Class com.google.common.cache.LocalCache$SoftValueReference                           : loaded 2 times (x 97B)
Class com.google.common.collect.ImmutableMultimap$EntryCollection                     : loaded 2 times (x 128B)
Class com.google.common.collect.Maps$EntrySet                                         : loaded 2 times (x 136B)
Class com.google.common.cache.LocalCache$EntryFactory$8                               : loaded 2 times (x 83B)
Class com.google.common.collect.ImmutableSet$SetBuilderImpl                           : loaded 2 times (x 76B)
Class org.gradle.internal.installation.CurrentGradleInstallation                      : loaded 2 times (x 73B)
Class com.google.common.cache.CacheLoader$1                                           : loaded 2 times (x 75B)
Class com.google.common.collect.ForwardingObject                                      : loaded 2 times (x 72B)
Class com.google.common.collect.ImmutableList$SubList                                 : loaded 2 times (x 209B)
Class org.gradle.util.internal.GUtil                                                  : loaded 2 times (x 71B)
Class com.google.common.io.ByteSource                                                 : loaded 2 times (x 84B)
Class com.google.common.cache.AbstractCache$StatsCounter                              : loaded 2 times (x 70B)
Class com.google.common.collect.MapMakerInternalMap$1                                 : loaded 2 times (x 83B)
Class com.google.common.io.LineBuffer                                                 : loaded 2 times (x 75B)
Class com.google.common.collect.Iterators$MergingIterator                             : loaded 2 times (x 81B)
Class com.google.common.collect.RegularImmutableSet                                   : loaded 2 times (x 149B)
Class org.gradle.internal.installation.GradleInstallation                             : loaded 2 times (x 75B)
Class com.google.common.base.Splitter$Strategy                                        : loaded 2 times (x 70B)
Class com.google.common.collect.Iterables                                             : loaded 2 times (x 71B)
Class com.google.common.collect.Lists$RandomAccessReverseList                         : loaded 2 times (x 200B)

---------------  S Y S T E M  ---------------

OS:
 Windows 11 , 64 bit Build 26100 (10.0.26100.8328)
OS uptime: 0 days 19:22 hours
Hyper-V role detected

CPU: total 12 (initial active 12) (12 cores per cpu, 2 threads per core) family 25 model 117 stepping 2 microcode 0xa70520a, cx8, cmov, fxsr, ht, mmx, 3dnowpref, sse, sse2, sse3, ssse3, sse4a, sse4.1, sse4.2, popcnt, lzcnt, tsc, tscinvbit, avx, avx2, aes, erms, clmul, bmi1, bmi2, adx, avx512f, avx512dq, avx512cd, avx512bw, avx512vl, sha, fma, vzeroupper, avx512_vpopcntdq, avx512_vpclmulqdq, avx512_vaes, avx512_vnni, clflush, clflushopt, avx512_vbmi2, avx512_vbmi, hv, rdtscp, rdpid, fsrm, gfni, avx512_bitalg, f16c, cet_ss, avx512_ifma
Processor Information for the first 12 processors :
  Max Mhz: 4301, Current Mhz: 4301, Mhz Limit: 4301

Memory: 4k page, system-wide physical 7407M (290M free)
TotalPageFile size 29935M (AvailPageFile size 217M)
current process WorkingSet (physical memory assigned to process): 541M, peak: 778M
current process commit charge ("private bytes"): 1253M, peak: 1514M

vm_info: OpenJDK 64-Bit Server VM (21.0.9+-14649483-b1163.86) for windows-amd64 JRE (21.0.9+-14649483-b1163.86), built on 2025-12-30T22:08:35Z by "builder" with MS VC++ 16.10 / 16.11 (VS2019)

END.
